"Date","Price","Open","High","Low","Change %"
"Apr 17, 2023","2.856","2.848","2.856","2.848","0.79%"
"Apr 14, 2023","2.834","2.880","2.880","2.824","-0.04%"
"Apr 13, 2023","2.835","2.870","2.870","2.821","0.53%"
"Apr 12, 2023","2.820","2.890","2.890","2.815","-0.35%"
"Apr 11, 2023","2.830","2.900","2.900","2.825","-0.77%"
"Apr 10, 2023","2.852","2.906","2.906","2.848","-0.14%"
"Apr 07, 2023","2.856","2.920","2.920","2.846","-0.38%"
"Apr 06, 2023","2.867","2.958","2.958","2.860","0.03%"
"Apr 04, 2023","2.866","2.930","2.930","2.858","-0.14%"
"Apr 03, 2023","2.870","2.913","2.913","2.853","0.31%"
"Mar 31, 2023","2.861","2.930","2.930","2.854","0.03%"
"Mar 30, 2023","2.860","2.900","2.900","2.850","-0.17%"
"Mar 29, 2023","2.865","2.926","2.926","2.856","0.07%"
"Mar 28, 2023","2.863","2.880","2.880","2.856","0.10%"
"Mar 27, 2023","2.860","2.938","2.938","2.854","-0.66%"
"Mar 24, 2023","2.879","2.935","2.935","2.866","0.17%"
"Mar 23, 2023","2.874","2.928","2.928","2.856","0.35%"
"Mar 22, 2023","2.864","2.880","2.880","2.858","-0.14%"
"Mar 21, 2023","2.868","2.870","2.870","2.855","0.17%"
"Mar 20, 2023","2.863","2.900","2.900","2.855","-0.14%"
"Mar 17, 2023","2.867","2.925","2.925","2.855","0.31%"
"Mar 16, 2023","2.858","2.920","2.930","2.858","-0.69%"
"Mar 15, 2023","2.878","2.928","2.928","2.870","-0.24%"
"Mar 14, 2023","2.885","2.910","2.910","2.871","0.07%"
"Mar 13, 2023","2.883","2.933","2.933","2.864","0.10%"
"Mar 10, 2023","2.880","2.911","2.911","2.876","-0.28%"
"Mar 09, 2023","2.888","2.916","2.916","2.887","-0.28%"
"Mar 08, 2023","2.896","2.913","2.963","2.885","0.21%"
"Mar 07, 2023","2.890","2.918","2.918","2.887","-0.28%"
"Mar 06, 2023","2.898","2.900","2.922","2.893","-0.72%"
"Mar 03, 2023","2.919","2.990","2.990","2.915","-0.31%"
"Mar 02, 2023","2.928","2.928","2.932","2.912","0.51%"
"Mar 01, 2023","2.913","2.918","2.918","2.911","0.00%"
"Feb 28, 2023","2.913","2.920","2.930","2.912","-0.10%"
"Feb 27, 2023","2.916","2.910","2.948","2.910","-0.10%"
"Feb 24, 2023","2.919","2.943","2.943","2.914","-0.21%"
"Feb 23, 2023","2.925","2.955","2.955","2.917","0.14%"
"Feb 22, 2023","2.921","2.929","2.929","2.916","-0.03%"
"Feb 21, 2023","2.922","2.965","2.965","2.919","0.10%"
"Feb 20, 2023","2.919","2.980","2.980","2.892","0.93%"
"Feb 17, 2023","2.892","2.925","2.935","2.890","-0.31%"
"Feb 16, 2023","2.901","2.970","2.970","2.893","0.14%"
"Feb 15, 2023","2.897","2.920","2.920","2.892","0.14%"
"Feb 14, 2023","2.893","3.020","3.020","2.892","-0.31%"
"Feb 13, 2023","2.902","3.000","3.000","2.894","-0.07%"
"Feb 10, 2023","2.904","2.940","2.940","2.892","0.24%"
"Feb 09, 2023","2.897","2.930","2.930","2.889","-0.28%"
"Feb 08, 2023","2.905","2.945","2.945","2.894","0.14%"
"Feb 07, 2023","2.901","2.945","2.945","2.900","-0.28%"
"Feb 06, 2023","2.909","2.943","2.943","2.894","-0.58%"
"Feb 03, 2023","2.926","2.960","2.970","2.915","-0.41%"
"Feb 02, 2023","2.938","2.970","2.970","2.920","0.10%"
"Feb 01, 2023","2.935","2.966","2.966","2.923","0.24%"
"Jan 31, 2023","2.928","3.060","3.060","2.918","-0.41%"
"Jan 30, 2023","2.940","3.021","3.021","2.933","-0.61%"
"Jan 29, 2023","2.958","2.971","2.971","2.953","-0.50%"
"Jan 28, 2023","2.973","2.972","2.983","2.970","-0.40%"
"Jan 20, 2023","2.985","3.005","3.005","2.960","1.19%"
"Jan 19, 2023","2.950","3.023","3.023","2.938","-0.07%"
"Jan 18, 2023","2.952","3.000","3.000","2.923","0.24%"
"Jan 17, 2023","2.945","3.035","3.035","2.928","-0.34%"
"Jan 16, 2023","2.955","3.007","3.007","2.943","0.75%"
"Jan 13, 2023","2.933","2.980","2.980","2.907","0.55%"
"Jan 12, 2023","2.917","2.933","2.933","2.908","0.00%"
"Jan 11, 2023","2.917","2.951","2.951","2.907","-0.10%"
"Jan 10, 2023","2.920","2.965","2.965","2.893","0.59%"
"Jan 09, 2023","2.903","2.965","2.965","2.883","0.62%"
"Jan 06, 2023","2.885","2.910","2.910","2.873","0.52%"
"Jan 05, 2023","2.870","2.884","2.884","2.859","0.24%"
"Jan 04, 2023","2.863","2.897","2.897","2.856","-0.35%"
"Jan 03, 2023","2.873","2.947","2.947","2.863","-0.38%"
"Dec 30, 2022","2.884","2.901","2.901","2.869","0.07%"
"Dec 29, 2022","2.882","2.918","2.918","2.873","-0.38%"
"Dec 28, 2022","2.893","2.948","2.948","2.890","-0.41%"
"Dec 27, 2022","2.905","2.909","2.909","2.874","0.76%"
"Dec 26, 2022","2.883","2.938","2.938","2.858","0.63%"
"Dec 23, 2022","2.865","2.909","2.909","2.858","-0.52%"
"Dec 22, 2022","2.880","2.927","2.927","2.869","-0.62%"
"Dec 21, 2022","2.898","2.936","2.936","2.890","0.00%"
"Dec 20, 2022","2.898","2.918","2.925","2.888","0.07%"
"Dec 19, 2022","2.896","2.993","2.993","2.875","-0.52%"
"Dec 16, 2022","2.911","2.943","2.943","2.906","0.07%"
"Dec 15, 2022","2.909","2.913","2.913","2.890","0.48%"
"Dec 14, 2022","2.895","2.954","2.954","2.888","-1.19%"
"Dec 13, 2022","2.930","2.923","2.943","2.920","0.24%"
"Dec 12, 2022","2.923","3.025","3.025","2.902","-0.07%"
"Dec 09, 2022","2.925","2.950","2.950","2.907","0.65%"
"Dec 08, 2022","2.906","2.932","2.932","2.887","0.14%"
"Dec 07, 2022","2.902","2.984","2.984","2.902","-1.56%"
"Dec 06, 2022","2.948","2.935","2.948","2.919","0.89%"
"Dec 05, 2022","2.922","2.950","2.980","2.906","0.65%"
"Dec 02, 2022","2.903","2.937","2.937","2.897","-0.14%"
"Dec 01, 2022","2.907","2.932","2.948","2.900","-0.55%"
"Nov 30, 2022","2.923","2.943","2.943","2.899","0.41%"
"Nov 29, 2022","2.911","2.880","2.911","2.875","1.53%"
"Nov 28, 2022","2.867","2.925","2.925","2.829","0.92%"
"Nov 25, 2022","2.841","2.828","2.841","2.797","1.21%"
"Nov 24, 2022","2.807","2.803","2.822","2.792","-0.32%"
"Nov 23, 2022","2.816","2.840","2.860","2.816","-1.02%"
"Nov 22, 2022","2.845","2.857","2.857","2.820","0.57%"
"Nov 21, 2022","2.829","2.870","2.900","2.804","-0.14%"
"Nov 18, 2022","2.833","2.850","2.850","2.803","0.39%"
"Nov 17, 2022","2.822","2.838","2.860","2.814","-0.91%"
"Nov 16, 2022","2.848","2.861","2.861","2.808","0.78%"
"Nov 15, 2022","2.826","2.848","2.865","2.818","-0.49%"
"Nov 14, 2022","2.840","2.785","2.840","2.785","3.54%"
"Nov 11, 2022","2.743","2.700","2.743","2.686","1.22%"
"Nov 10, 2022","2.710","2.738","2.738","2.689","0.33%"
"Nov 09, 2022","2.701","2.713","2.713","2.691","-0.04%"
"Nov 08, 2022","2.702","2.745","2.745","2.699","0.11%"
"Nov 07, 2022","2.699","2.693","2.721","2.692","-0.33%"
"Nov 04, 2022","2.708","2.688","2.713","2.676","1.20%"
"Nov 03, 2022","2.676","2.684","2.712","2.672","-0.26%"
"Nov 02, 2022","2.683","2.710","2.710","2.668","0.49%"
"Nov 01, 2022","2.670","2.670","2.672","2.650","0.75%"
"Oct 31, 2022","2.650","2.710","2.710","2.636","-1.23%"
"Oct 28, 2022","2.683","2.746","2.746","2.680","-0.67%"
"Oct 27, 2022","2.701","2.778","2.778","2.696","-0.95%"
"Oct 26, 2022","2.727","2.732","2.746","2.720","-0.22%"
"Oct 25, 2022","2.733","2.737","2.737","2.721","0.29%"
"Oct 24, 2022","2.725","2.810","2.810","2.723","-0.15%"
"Oct 21, 2022","2.729","2.790","2.790","2.722","-0.26%"
"Oct 20, 2022","2.736","2.748","2.748","2.712","0.92%"
"Oct 19, 2022","2.711","2.780","2.780","2.704","0.18%"
"Oct 18, 2022","2.706","2.731","2.731","2.705","-0.15%"
"Oct 17, 2022","2.710","2.740","2.740","2.699","-0.07%"
"Oct 16, 2022","2.712","2.712","2.712","2.712","-0.09%"
"Oct 15, 2022","2.714","2.714","2.714","2.714","0.00%"
"Oct 14, 2022","2.714","2.762","2.762","2.711","-0.73%"
"Oct 13, 2022","2.734","2.763","2.763","2.728","-0.51%"
"Oct 12, 2022","2.748","2.780","2.780","2.744","-0.18%"
"Oct 11, 2022","2.753","2.791","2.791","2.738","0.11%"
"Oct 10, 2022","2.750","2.799","2.799","2.744","-0.45%"
"Oct 09, 2022","2.763","2.768","2.773","2.757","-0.40%"
"Oct 08, 2022","2.773","2.794","2.802","2.773","0.34%"
"Oct 03, 2022","2.764","2.764","2.764","2.764","-0.65%"
"Sep 30, 2022","2.782","2.790","2.790","2.758","0.91%"
"Sep 29, 2022","2.757","2.759","2.759","2.736","0.40%"
"Sep 28, 2022","2.746","2.739","2.752","2.716","1.14%"
"Sep 27, 2022","2.715","2.723","2.760","2.707","-0.29%"
"Sep 26, 2022","2.723","2.800","2.800","2.691","1.11%"
"Sep 23, 2022","2.693","2.680","2.694","2.680","0.56%"
"Sep 22, 2022","2.678","2.670","2.679","2.668","0.37%"
"Sep 21, 2022","2.668","2.665","2.670","2.663","0.11%"
"Sep 20, 2022","2.665","2.683","2.683","2.663","-0.45%"
"Sep 19, 2022","2.677","2.690","2.690","2.673","-0.30%"
"Sep 16, 2022","2.685","2.670","2.685","2.670","0.71%"
"Sep 15, 2022","2.666","2.659","2.667","2.655","0.23%"
"Sep 14, 2022","2.660","2.668","2.668","2.657","0.26%"
"Sep 13, 2022","2.653","2.665","2.665","2.648","0.04%"
"Sep 09, 2022","2.652","2.645","2.652","2.634","0.53%"
"Sep 08, 2022","2.638","2.644","2.648","2.632","0.27%"
"Sep 07, 2022","2.631","2.648","2.648","2.623","0.15%"
"Sep 06, 2022","2.627","2.658","2.658","2.624","-0.27%"
"Sep 05, 2022","2.634","2.720","2.720","2.628","-0.08%"
"Sep 02, 2022","2.636","2.665","2.665","2.626","0.11%"
"Sep 01, 2022","2.633","2.661","2.663","2.631","-0.60%"
"Aug 31, 2022","2.649","2.659","2.659","2.635","0.38%"
"Aug 30, 2022","2.639","2.676","2.676","2.636","-0.68%"
"Aug 29, 2022","2.657","2.750","2.750","2.650","-0.45%"
"Aug 26, 2022","2.669","2.669","2.672","2.654","0.34%"
"Aug 25, 2022","2.660","2.658","2.665","2.641","0.80%"
"Aug 24, 2022","2.639","2.652","2.653","2.636","0.00%"
"Aug 23, 2022","2.639","2.643","2.645","2.631","0.34%"
"Aug 22, 2022","2.630","2.670","2.670","2.617","0.27%"
"Aug 19, 2022","2.623","2.624","2.642","2.615","-0.04%"
"Aug 18, 2022","2.624","2.658","2.658","2.616","-0.72%"
"Aug 17, 2022","2.643","2.643","2.657","2.637","0.23%"
"Aug 16, 2022","2.637","2.684","2.684","2.624","-1.31%"
"Aug 15, 2022","2.672","2.740","2.771","2.665","-2.45%"
"Aug 12, 2022","2.739","2.767","2.767","2.731","0.07%"
"Aug 11, 2022","2.737","2.761","2.761","2.735","-0.15%"
"Aug 10, 2022","2.741","2.794","2.794","2.733","-0.25%"
"Aug 09, 2022","2.748","2.757","2.757","2.740","0.18%"
"Aug 08, 2022","2.743","2.802","2.802","2.734","0.18%"
"Aug 05, 2022","2.738","2.753","2.753","2.723","0.59%"
"Aug 04, 2022","2.722","2.742","2.742","2.713","-0.22%"
"Aug 03, 2022","2.728","2.747","2.749","2.728","-0.18%"
"Aug 02, 2022","2.733","2.752","2.752","2.725","-0.11%"
"Aug 01, 2022","2.736","2.805","2.805","2.733","-0.83%"
"Jul 29, 2022","2.759","2.780","2.801","2.755","-0.86%"
"Jul 28, 2022","2.783","2.793","2.793","2.773","0.43%"
"Jul 27, 2022","2.771","2.777","2.818","2.770","-0.14%"
"Jul 26, 2022","2.775","2.785","2.804","2.773","-0.36%"
"Jul 25, 2022","2.785","2.876","2.876","2.779","0.00%"
"Jul 22, 2022","2.785","2.798","2.800","2.772","0.54%"
"Jul 21, 2022","2.770","2.800","2.800","2.763","-0.36%"
"Jul 20, 2022","2.780","2.794","2.812","2.777","-0.57%"
"Jul 19, 2022","2.796","2.812","2.812","2.787","0.25%"
"Jul 18, 2022","2.789","2.865","2.865","2.783","-0.11%"
"Jul 15, 2022","2.792","2.811","2.812","2.788","-0.18%"
"Jul 14, 2022","2.797","2.835","2.836","2.795","-0.57%"
"Jul 13, 2022","2.813","2.817","2.840","2.806","-0.14%"
"Jul 12, 2022","2.817","2.824","2.865","2.816","-0.25%"
"Jul 11, 2022","2.824","2.905","2.905","2.823","-0.67%"
"Jul 08, 2022","2.843","2.867","2.867","2.837","0.04%"
"Jul 07, 2022","2.842","2.860","2.861","2.831","0.11%"
"Jul 06, 2022","2.839","2.880","2.880","2.833","-0.42%"
"Jul 05, 2022","2.851","2.878","2.880","2.840","-0.18%"
"Jul 04, 2022","2.856","2.955","2.955","2.824","1.03%"
"Jul 01, 2022","2.827","2.853","2.853","2.815","0.11%"
"Jun 30, 2022","2.824","2.875","2.875","2.814","-0.49%"
"Jun 29, 2022","2.838","2.867","2.867","2.830","-0.32%"
"Jun 28, 2022","2.847","2.865","2.865","2.827","0.32%"
"Jun 27, 2022","2.838","2.880","2.880","2.817","1.32%"
"Jun 24, 2022","2.801","2.780","2.830","2.776","0.61%"
"Jun 23, 2022","2.784","2.780","2.807","2.776","0.14%"
"Jun 22, 2022","2.780","2.818","2.818","2.778","-0.39%"
"Jun 21, 2022","2.791","2.825","2.825","2.786","-0.11%"
"Jun 20, 2022","2.794","2.820","2.820","2.780","-0.78%"
"Jun 17, 2022","2.816","2.820","2.832","2.810","-0.18%"
"Jun 16, 2022","2.821","2.825","2.841","2.817","-0.25%"
"Jun 15, 2022","2.828","2.878","2.878","2.815","0.35%"
"Jun 14, 2022","2.818","2.857","2.857","2.812","0.21%"
"Jun 13, 2022","2.812","2.858","2.858","2.802","0.07%"
"Jun 10, 2022","2.810","2.806","2.836","2.800","0.11%"
"Jun 09, 2022","2.807","2.835","2.835","2.802","-0.25%"
"Jun 08, 2022","2.814","2.813","2.830","2.805","0.07%"
"Jun 07, 2022","2.812","2.833","2.833","2.806","-0.35%"
"Jun 06, 2022","2.822","2.810","2.822","2.793","0.50%"
"Jun 02, 2022","2.808","2.810","2.811","2.793","0.29%"
"Jun 01, 2022","2.800","2.825","2.825","2.792","-0.11%"
"May 31, 2022","2.803","2.783","2.803","2.761","1.56%"
"May 30, 2022","2.760","2.758","2.771","2.752","0.36%"
"May 27, 2022","2.750","2.768","2.768","2.742","0.11%"
"May 26, 2022","2.747","2.794","2.794","2.743","-1.26%"
"May 25, 2022","2.782","2.812","2.812","2.777","-0.68%"
"May 24, 2022","2.801","2.826","2.826","2.797","-0.14%"
"May 23, 2022","2.805","2.820","2.850","2.802","-0.60%"
"May 20, 2022","2.822","2.823","2.823","2.811","0.39%"
"May 19, 2022","2.811","2.818","2.818","2.803","0.11%"
"May 18, 2022","2.808","2.824","2.847","2.808","-0.50%"
"May 17, 2022","2.822","2.845","2.845","2.817","-0.21%"
"May 16, 2022","2.828","2.830","2.861","2.824","0.35%"
"May 13, 2022","2.818","2.834","2.834","2.806","0.11%"
"May 12, 2022","2.815","2.865","2.865","2.809","-0.46%"
"May 11, 2022","2.828","2.833","2.836","2.814","0.60%"
"May 10, 2022","2.811","2.843","2.843","2.805","-0.43%"
"May 09, 2022","2.823","2.828","2.861","2.819","-0.69%"
"May 07, 2022","2.842","2.845","2.849","2.842","0.30%"
"May 06, 2022","2.834","2.852","2.852","2.829","0.07%"
"May 05, 2022","2.832","2.928","2.928","2.828","-0.32%"
"Apr 29, 2022","2.841","2.851","2.872","2.834","-0.32%"
"Apr 28, 2022","2.850","2.870","2.870","2.846","0.25%"
"Apr 27, 2022","2.843","2.847","2.847","2.833","0.35%"
"Apr 26, 2022","2.833","2.850","2.850","2.818","0.43%"
"Apr 25, 2022","2.821","2.869","2.869","2.815","-1.16%"
"Apr 24, 2022","2.854","2.855","2.858","2.852","-0.83%"
"Apr 22, 2022","2.878","2.863","2.878","2.852","0.88%"
"Apr 21, 2022","2.853","2.873","2.873","2.851","-0.31%"
"Apr 20, 2022","2.862","2.877","2.880","2.852","0.35%"
"Apr 19, 2022","2.852","2.863","2.863","2.842","0.04%"
"Apr 18, 2022","2.851","2.890","2.890","2.831","1.21%"
"Apr 15, 2022","2.817","2.823","2.827","2.797","0.36%"
"Apr 14, 2022","2.807","2.828","2.828","2.795","-0.28%"
"Apr 13, 2022","2.815","2.837","2.837","2.805","0.04%"
"Apr 12, 2022","2.814","2.830","2.830","2.798","0.11%"
"Apr 11, 2022","2.811","2.802","2.830","2.789","0.29%"
"Apr 09, 2022","2.803","2.803","2.803","2.803","0.47%"
"Apr 08, 2022","2.790","2.813","2.813","2.784","0.14%"
"Apr 07, 2022","2.786","2.788","2.833","2.783","-0.14%"
"Apr 06, 2022","2.790","2.922","2.922","2.790","-1.15%"
"Apr 02, 2022","2.822","2.825","2.826","2.818","0.41%"
"Apr 01, 2022","2.811","2.854","2.854","2.806","-0.21%"
"Mar 31, 2022","2.817","2.821","2.826","2.800","0.54%"
"Mar 30, 2022","2.802","2.807","2.842","2.796","-0.21%"
"Mar 29, 2022","2.808","2.837","2.837","2.806","-0.11%"
"Mar 28, 2022","2.811","2.935","2.935","2.799","0.00%"
"Mar 25, 2022","2.811","2.836","2.836","2.806","-0.14%"
"Mar 24, 2022","2.815","2.844","2.885","2.811","-1.02%"
"Mar 23, 2022","2.844","2.902","2.902","2.826","0.14%"
"Mar 22, 2022","2.840","2.819","2.862","2.819","0.74%"
"Mar 21, 2022","2.819","2.840","2.863","2.809","0.57%"
"Mar 18, 2022","2.803","2.808","2.833","2.793","-0.36%"
"Mar 17, 2022","2.813","2.810","2.847","2.801","0.11%"
"Mar 16, 2022","2.810","2.845","2.845","2.800","-0.50%"
"Mar 15, 2022","2.824","2.780","2.827","2.780","1.58%"
"Mar 14, 2022","2.780","2.837","2.837","2.761","-1.89%"
"Mar 12, 2022","2.833","2.833","2.833","2.833","0.37%"
"Mar 11, 2022","2.823","2.897","2.897","2.821","-1.33%"
"Mar 10, 2022","2.861","2.885","2.885","2.849","-0.07%"
"Mar 09, 2022","2.863","2.840","2.863","2.840","0.81%"
"Mar 08, 2022","2.840","2.862","2.862","2.832","0.00%"
"Mar 07, 2022","2.840","2.844","2.844","2.825","0.28%"
"Mar 04, 2022","2.832","2.844","2.844","2.825","-0.42%"
"Mar 03, 2022","2.844","2.854","2.854","2.833","0.39%"
"Mar 02, 2022","2.833","2.857","2.857","2.819","0.53%"
"Mar 01, 2022","2.818","2.854","2.854","2.786","0.97%"
"Feb 28, 2022","2.791","2.887","2.887","2.777","0.04%"
"Feb 25, 2022","2.790","2.809","2.810","2.786","-0.57%"
"Feb 24, 2022","2.806","2.837","2.837","2.782","-0.43%"
"Feb 23, 2022","2.818","2.871","2.871","2.814","-0.88%"
"Feb 22, 2022","2.843","2.866","2.866","2.827","0.21%"
"Feb 21, 2022","2.837","2.883","2.883","2.805","1.18%"
"Feb 18, 2022","2.804","2.803","2.804","2.780","0.75%"
"Feb 17, 2022","2.783","2.831","2.831","2.779","-0.36%"
"Feb 16, 2022","2.793","2.833","2.833","2.791","-0.25%"
"Feb 15, 2022","2.800","2.857","2.857","2.778","0.07%"
"Feb 14, 2022","2.798","2.857","2.857","2.778","0.14%"
"Feb 11, 2022","2.794","2.803","2.803","2.779","1.82%"
"Feb 10, 2022","2.744","2.754","2.754","2.727","0.37%"
"Feb 09, 2022","2.734","2.744","2.744","2.723","0.44%"
"Feb 08, 2022","2.722","2.741","2.741","2.712","0.00%"
"Feb 07, 2022","2.722","2.800","2.800","2.716","0.20%"
"Jan 30, 2022","2.717","2.728","2.737","2.708","-0.29%"
"Jan 29, 2022","2.724","2.720","2.727","2.713","0.28%"
"Jan 28, 2022","2.717","2.770","2.770","2.717","-0.66%"
"Jan 27, 2022","2.735","2.748","2.748","2.718","0.74%"
"Jan 26, 2022","2.715","2.706","2.721","2.672","1.61%"
"Jan 25, 2022","2.672","2.727","2.727","2.660","-0.52%"
"Jan 24, 2022","2.686","2.778","2.778","2.684","-1.00%"
"Jan 21, 2022","2.713","2.760","2.760","2.709","-0.48%"
"Jan 20, 2022","2.726","2.758","2.758","2.724","-0.22%"
"Jan 19, 2022","2.732","2.773","2.773","2.718","-0.87%"
"Jan 18, 2022","2.756","2.812","2.812","2.753","-1.25%"
"Jan 17, 2022","2.791","2.860","2.860","2.771","-0.14%"
"Jan 14, 2022","2.795","2.817","2.817","2.786","0.04%"
"Jan 13, 2022","2.794","2.837","2.837","2.792","-0.21%"
"Jan 12, 2022","2.800","2.822","2.822","2.795","0.04%"
"Jan 11, 2022","2.799","2.841","2.841","2.797","-0.36%"
"Jan 10, 2022","2.809","2.890","2.890","2.802","-0.50%"
"Jan 07, 2022","2.823","2.849","2.849","2.817","0.04%"
"Jan 06, 2022","2.822","2.840","2.840","2.813","0.46%"
"Jan 05, 2022","2.809","2.823","2.823","2.791","0.57%"
"Jan 04, 2022","2.793","2.850","2.850","2.785","0.36%"
"Dec 31, 2021","2.783","2.797","2.797","2.777","0.18%"
"Dec 30, 2021","2.778","2.814","2.814","2.771","-0.54%"
"Dec 29, 2021","2.793","2.823","2.823","2.788","-0.43%"
"Dec 28, 2021","2.805","2.845","2.845","2.803","-0.32%"
"Dec 27, 2021","2.814","2.890","2.890","2.805","-0.67%"
"Dec 24, 2021","2.833","2.855","2.855","2.818","0.46%"
"Dec 23, 2021","2.820","2.870","2.870","2.816","-0.81%"
"Dec 22, 2021","2.843","2.890","2.890","2.840","-0.70%"
"Dec 21, 2021","2.863","2.878","2.878","2.856","0.17%"
"Dec 20, 2021","2.858","2.911","2.911","2.854","0.07%"
"Dec 17, 2021","2.856","2.895","2.895","2.853","-0.14%"
"Dec 16, 2021","2.860","2.873","2.873","2.851","0.35%"
"Dec 15, 2021","2.850","2.885","2.885","2.845","0.04%"
"Dec 14, 2021","2.849","2.895","2.895","2.847","-0.38%"
"Dec 13, 2021","2.860","2.910","2.910","2.850","0.42%"
"Dec 10, 2021","2.848","2.881","2.881","2.844","-0.42%"
"Dec 09, 2021","2.860","2.930","2.930","2.854","-0.10%"
"Dec 08, 2021","2.863","2.877","2.877","2.852","0.28%"
"Dec 07, 2021","2.855","2.870","2.870","2.826","1.03%"
"Dec 06, 2021","2.826","2.940","2.940","2.818","-2.89%"
"Dec 03, 2021","2.910","2.937","2.937","2.899","0.38%"
"Dec 02, 2021","2.899","2.922","2.922","2.882","0.69%"
"Dec 01, 2021","2.879","2.903","2.903","2.875","0.42%"
"Nov 30, 2021","2.867","2.898","2.898","2.866","0.10%"
"Nov 29, 2021","2.864","2.900","2.900","2.848","-0.49%"
"Nov 27, 2021","2.878","2.878","2.878","2.878","0.45%"
"Nov 26, 2021","2.865","2.928","2.928","2.863","-0.97%"
"Nov 25, 2021","2.893","2.928","2.928","2.891","-0.24%"
"Nov 24, 2021","2.900","2.975","2.975","2.898","-0.79%"
"Nov 23, 2021","2.923","2.977","2.977","2.922","0.00%"
"Nov 22, 2021","2.923","3.050","3.050","2.921","-0.20%"
"Nov 19, 2021","2.929","2.961","2.961","2.913","0.17%"
"Nov 18, 2021","2.924","2.996","2.996","2.921","-0.24%"
"Nov 17, 2021","2.931","2.963","2.963","2.928","0.07%"
"Nov 16, 2021","2.929","2.964","2.964","2.925","-0.10%"
"Nov 15, 2021","2.932","3.003","3.003","2.929","-0.74%"
"Nov 13, 2021","2.954","2.954","2.954","2.954","0.51%"
"Nov 12, 2021","2.939","2.975","2.975","2.934","0.00%"
"Nov 11, 2021","2.939","2.954","2.954","2.921","0.96%"
"Nov 10, 2021","2.911","2.944","2.944","2.887","0.07%"
"Nov 09, 2021","2.909","2.924","2.924","2.902","0.14%"
"Nov 08, 2021","2.905","2.935","2.935","2.893","0.28%"
"Nov 05, 2021","2.897","2.972","2.972","2.895","-1.13%"
"Nov 04, 2021","2.930","2.949","2.988","2.928","-0.48%"
"Nov 03, 2021","2.944","2.995","2.995","2.917","0.38%"
"Nov 02, 2021","2.933","2.989","2.989","2.927","-0.51%"
"Nov 01, 2021","2.948","3.030","3.030","2.946","-0.94%"
"Oct 29, 2021","2.976","2.996","2.996","2.971","0.03%"
"Oct 28, 2021","2.975","3.011","3.011","2.971","-0.20%"
"Oct 27, 2021","2.981","3.024","3.024","2.976","-0.10%"
"Oct 26, 2021","2.984","3.035","3.035","2.974","-0.03%"
"Oct 25, 2021","2.985","3.040","3.040","2.975","0.00%"
"Oct 22, 2021","2.985","3.015","3.015","2.969","0.47%"
"Oct 21, 2021","2.971","3.037","3.037","2.966","-1.43%"
"Oct 20, 2021","3.014","3.075","3.075","2.984","0.17%"
"Oct 19, 2021","3.009","3.108","3.108","2.994","-1.12%"
"Oct 18, 2021","3.043","3.060","3.060","3.013","1.64%"
"Oct 15, 2021","2.994","2.986","2.996","2.951","1.05%"
"Oct 14, 2021","2.963","2.991","2.991","2.958","-0.20%"
"Oct 13, 2021","2.969","2.985","2.985","2.953","0.20%"
"Oct 12, 2021","2.963","3.003","3.003","2.951","-0.03%"
"Oct 11, 2021","2.964","2.958","2.968","2.925","1.11%"
"Oct 09, 2021","2.931","2.920","2.934","2.920","0.77%"
"Oct 08, 2021","2.909","3.000","3.000","2.885","1.22%"
"Sep 30, 2021","2.874","2.910","2.910","2.870","-0.14%"
"Sep 29, 2021","2.878","2.881","2.896","2.869","-0.10%"
"Sep 28, 2021","2.881","2.904","2.904","2.875","0.00%"
"Sep 27, 2021","2.881","3.000","3.000","2.866","-0.35%"
"Sep 26, 2021","2.891","2.874","2.893","2.874","0.59%"
"Sep 24, 2021","2.874","2.907","2.907","2.868","0.28%"
"Sep 23, 2021","2.866","2.867","2.887","2.856","-0.03%"
"Sep 22, 2021","2.867","2.940","2.940","2.858","-0.83%"
"Sep 18, 2021","2.891","2.904","2.908","2.891","-0.07%"
"Sep 17, 2021","2.893","2.913","2.913","2.885","-0.03%"
"Sep 16, 2021","2.894","2.938","2.938","2.889","-0.21%"
"Sep 15, 2021","2.900","2.930","2.930","2.883","0.35%"
"Sep 14, 2021","2.890","2.923","2.923","2.885","0.00%"
"Sep 13, 2021","2.890","2.940","2.940","2.860","0.21%"
"Sep 10, 2021","2.884","2.910","2.910","2.868","0.28%"
"Sep 09, 2021","2.876","2.898","2.898","2.871","0.14%"
"Sep 08, 2021","2.872","2.894","2.894","2.847","0.42%"
"Sep 07, 2021","2.860","2.861","2.868","2.838","0.78%"
"Sep 06, 2021","2.838","2.960","2.960","2.826","-0.07%"
"Sep 03, 2021","2.840","2.860","2.860","2.833","0.07%"
"Sep 02, 2021","2.838","2.885","2.885","2.825","0.25%"
"Sep 01, 2021","2.831","2.930","2.930","2.823","-0.91%"
"Aug 31, 2021","2.857","2.915","2.915","2.849","-0.14%"
"Aug 30, 2021","2.861","2.938","2.938","2.855","-1.65%"
"Aug 27, 2021","2.909","2.887","2.911","2.869","0.94%"
"Aug 26, 2021","2.882","2.883","2.883","2.859","0.84%"
"Aug 25, 2021","2.858","2.980","2.980","2.836","-0.45%"
"Aug 24, 2021","2.871","2.898","2.898","2.858","0.07%"
"Aug 23, 2021","2.869","2.930","2.930","2.860","0.56%"
"Aug 20, 2021","2.853","2.849","2.871","2.844","0.14%"
"Aug 19, 2021","2.849","2.890","2.890","2.841","-0.04%"
"Aug 18, 2021","2.850","2.894","2.919","2.848","-1.45%"
"Aug 17, 2021","2.892","2.894","2.940","2.884","-0.07%"
"Aug 16, 2021","2.894","2.955","2.955","2.878","0.52%"
"Aug 13, 2021","2.879","2.950","2.950","2.873","0.31%"
"Aug 12, 2021","2.870","2.920","2.920","2.864","-0.62%"
"Aug 11, 2021","2.888","2.901","2.901","2.876","0.38%"
"Aug 10, 2021","2.877","2.955","2.955","2.871","0.14%"
"Aug 09, 2021","2.873","2.854","2.873","2.820","1.54%"
"Aug 07, 2021","2.829","2.829","2.829","2.829","0.23%"
"Aug 06, 2021","2.823","2.854","2.854","2.820","-0.14%"
"Aug 05, 2021","2.827","2.863","2.863","2.808","-0.95%"
"Aug 04, 2021","2.854","2.870","2.870","2.849","0.32%"
"Aug 03, 2021","2.845","2.870","2.870","2.824","0.74%"
"Aug 02, 2021","2.824","2.970","2.970","2.803","-0.74%"
"Jul 30, 2021","2.845","2.970","2.970","2.843","-1.73%"
"Jul 29, 2021","2.895","2.990","2.990","2.893","-0.96%"
"Jul 28, 2021","2.923","2.936","2.936","2.894","0.45%"
"Jul 27, 2021","2.910","2.945","2.945","2.880","0.76%"
"Jul 26, 2021","2.888","2.920","2.920","2.878","-1.16%"
"Jul 23, 2021","2.922","3.000","3.000","2.918","-0.44%"
"Jul 22, 2021","2.935","2.975","2.975","2.930","0.17%"
"Jul 21, 2021","2.930","2.988","2.988","2.926","-0.98%"
"Jul 20, 2021","2.959","2.983","2.983","2.957","-0.20%"
"Jul 19, 2021","2.965","3.043","3.043","2.951","0.37%"
"Jul 16, 2021","2.954","2.988","2.988","2.951","-0.10%"
"Jul 15, 2021","2.957","2.970","2.973","2.935","0.24%"
"Jul 14, 2021","2.950","2.969","2.969","2.940","0.37%"
"Jul 13, 2021","2.939","2.976","2.986","2.932","-0.58%"
"Jul 12, 2021","2.956","3.135","3.135","2.953","-2.54%"
"Jul 09, 2021","3.033","3.046","3.046","3.026","1.17%"
"Jul 08, 2021","2.998","3.077","3.077","2.988","-2.19%"
"Jul 07, 2021","3.065","3.090","3.112","3.065","-0.81%"
"Jul 06, 2021","3.090","3.088","3.090","3.082","0.16%"
"Jul 05, 2021","3.085","3.210","3.210","3.079","-0.13%"
"Jul 02, 2021","3.089","3.120","3.120","3.089","-0.23%"
"Jul 01, 2021","3.096","3.107","3.107","3.078","0.42%"
"Jun 30, 2021","3.083","3.132","3.132","3.081","-0.32%"
"Jun 29, 2021","3.093","3.150","3.150","3.090","-0.19%"
"Jun 28, 2021","3.099","3.100","3.100","3.088","0.19%"
"Jun 25, 2021","3.093","3.150","3.150","3.088","0.00%"
"Jun 24, 2021","3.093","3.123","3.123","3.088","0.06%"
"Jun 23, 2021","3.091","3.160","3.160","3.088","-0.23%"
"Jun 22, 2021","3.098","3.140","3.140","3.095","-0.16%"
"Jun 21, 2021","3.103","3.230","3.230","3.100","-0.86%"
"Jun 18, 2021","3.130","3.179","3.179","3.125","-0.32%"
"Jun 17, 2021","3.140","3.180","3.180","3.131","0.19%"
"Jun 16, 2021","3.134","3.138","3.138","3.127","0.13%"
"Jun 15, 2021","3.130","3.210","3.210","3.128","0.00%"
"Jun 11, 2021","3.130","3.137","3.137","3.100","0.74%"
"Jun 10, 2021","3.107","3.147","3.147","3.100","-0.32%"
"Jun 09, 2021","3.117","3.198","3.198","3.112","-0.10%"
"Jun 08, 2021","3.120","3.170","3.170","3.098","0.00%"
"Jun 07, 2021","3.120","3.163","3.163","3.110","0.19%"
"Jun 04, 2021","3.114","3.100","3.114","3.093","0.61%"
"Jun 03, 2021","3.095","3.106","3.106","3.085","-0.10%"
"Jun 02, 2021","3.098","3.093","3.098","3.080","0.58%"
"Jun 01, 2021","3.080","3.112","3.112","3.068","0.10%"
"May 31, 2021","3.077","3.204","3.204","3.074","-0.36%"
"May 28, 2021","3.088","3.116","3.116","3.078","0.32%"
"May 27, 2021","3.078","3.099","3.099","3.069","0.13%"
"May 26, 2021","3.074","3.091","3.091","3.070","-0.07%"
"May 25, 2021","3.076","3.096","3.096","3.070","-0.06%"
"May 24, 2021","3.078","3.173","3.173","3.064","-0.52%"
"May 22, 2021","3.094","3.094","3.094","3.094","0.52%"
"May 21, 2021","3.078","3.123","3.123","3.063","-1.00%"
"May 20, 2021","3.109","3.138","3.138","3.106","-0.38%"
"May 19, 2021","3.121","3.172","3.172","3.120","-0.54%"
"May 18, 2021","3.138","3.179","3.179","3.136","-0.32%"
"May 17, 2021","3.148","3.260","3.260","3.131","0.48%"
"May 14, 2021","3.133","3.151","3.151","3.131","-0.13%"
"May 13, 2021","3.137","3.152","3.152","3.133","0.16%"
"May 12, 2021","3.132","3.154","3.154","3.118","-0.10%"
"May 11, 2021","3.135","3.181","3.183","3.133","-0.51%"
"May 10, 2021","3.151","3.183","3.240","3.146","-0.87%"
"May 08, 2021","3.178","3.174","3.179","3.168","0.55%"
"May 07, 2021","3.161","3.183","3.183","3.152","0.41%"
"May 06, 2021","3.148","3.208","3.208","3.145","-0.88%"
"Apr 30, 2021","3.176","3.222","3.222","3.171","-0.50%"
"Apr 29, 2021","3.192","3.320","3.320","3.179","-0.25%"
"Apr 28, 2021","3.200","3.252","3.252","3.198","-0.12%"
"Apr 27, 2021","3.204","3.230","3.230","3.193","0.22%"
"Apr 26, 2021","3.197","3.223","3.223","3.186","-0.06%"
"Apr 25, 2021","3.199","3.206","3.208","3.188","0.88%"
"Apr 23, 2021","3.171","3.177","3.177","3.159","0.38%"
"Apr 22, 2021","3.159","3.187","3.199","3.154","0.10%"
"Apr 21, 2021","3.156","3.187","3.187","3.154","-0.09%"
"Apr 20, 2021","3.159","3.161","3.220","3.145","-0.03%"
"Apr 19, 2021","3.160","3.250","3.250","3.152","-0.19%"
"Apr 16, 2021","3.166","3.176","3.202","3.164","-0.19%"
"Apr 15, 2021","3.172","3.206","3.206","3.167","0.13%"
"Apr 14, 2021","3.168","3.207","3.207","3.162","-0.16%"
"Apr 13, 2021","3.173","3.208","3.240","3.173","-0.94%"
"Apr 12, 2021","3.203","3.270","3.270","3.192","-0.44%"
"Apr 09, 2021","3.217","3.250","3.250","3.217","-0.49%"
"Apr 08, 2021","3.233","3.243","3.243","3.220","0.31%"
"Apr 07, 2021","3.223","3.250","3.250","3.207","0.25%"
"Apr 06, 2021","3.215","3.290","3.290","3.205","0.34%"
"Apr 02, 2021","3.204","3.223","3.260","3.189","0.00%"
"Apr 01, 2021","3.204","3.227","3.227","3.199","0.09%"
"Mar 31, 2021","3.201","3.243","3.243","3.196","-0.03%"
"Mar 30, 2021","3.202","3.227","3.227","3.197","-0.22%"
"Mar 29, 2021","3.209","3.260","3.260","3.200","0.16%"
"Mar 26, 2021","3.204","3.220","3.220","3.199","0.16%"
"Mar 25, 2021","3.199","3.229","3.229","3.198","-0.47%"
"Mar 24, 2021","3.214","3.243","3.243","3.212","-0.68%"
"Mar 23, 2021","3.236","3.257","3.257","3.233","-0.03%"
"Mar 22, 2021","3.237","3.360","3.360","3.230","-0.43%"
"Mar 19, 2021","3.251","3.277","3.277","3.248","-0.37%"
"Mar 18, 2021","3.263","3.297","3.297","3.263","-0.09%"
"Mar 17, 2021","3.266","3.287","3.287","3.264","0.03%"
"Mar 16, 2021","3.265","3.290","3.290","3.264","-0.24%"
"Mar 15, 2021","3.273","3.295","3.295","3.268","0.28%"
"Mar 12, 2021","3.264","3.260","3.264","3.248","0.46%"
"Mar 11, 2021","3.249","3.290","3.290","3.243","-0.12%"
"Mar 10, 2021","3.253","3.278","3.278","3.249","-0.12%"
"Mar 09, 2021","3.257","3.280","3.280","3.248","0.06%"
"Mar 08, 2021","3.255","3.310","3.310","3.248","-0.46%"
"Mar 05, 2021","3.270","3.350","3.350","3.245","-0.03%"
"Mar 04, 2021","3.271","3.262","3.283","3.262","0.15%"
"Mar 03, 2021","3.266","3.277","3.277","3.257","0.25%"
"Mar 02, 2021","3.258","3.276","3.276","3.245","0.00%"
"Mar 01, 2021","3.258","3.325","3.325","3.252","-0.94%"
"Feb 26, 2021","3.289","3.385","3.385","3.275","-0.06%"
"Feb 25, 2021","3.291","3.293","3.293","3.276","0.83%"
"Feb 24, 2021","3.264","3.294","3.294","3.251","-0.12%"
"Feb 23, 2021","3.268","3.380","3.380","3.263","-0.21%"
"Feb 22, 2021","3.275","3.300","3.300","3.273","-0.71%"
"Feb 20, 2021","3.299","3.289","3.299","3.283","0.93%"
"Feb 19, 2021","3.268","3.340","3.340","3.266","-1.27%"
"Feb 18, 2021","3.310","3.355","3.355","3.283","1.44%"
"Feb 10, 2021","3.263","3.287","3.287","3.244","0.09%"
"Feb 09, 2021","3.260","3.271","3.271","3.242","0.34%"
"Feb 08, 2021","3.249","3.293","3.293","3.235","0.32%"
"Feb 07, 2021","3.239","3.245","3.266","3.219","-0.20%"
"Feb 05, 2021","3.245","3.270","3.310","3.235","0.28%"
"Feb 04, 2021","3.236","3.225","3.245","3.192","0.65%"
"Feb 03, 2021","3.215","3.225","3.237","3.192","0.41%"
"Feb 02, 2021","3.202","3.217","3.217","3.193","0.53%"
"Feb 01, 2021","3.185","3.250","3.250","3.177","-1.30%"
"Jan 29, 2021","3.227","3.220","3.229","3.188","0.66%"
"Jan 28, 2021","3.206","3.194","3.206","3.179","1.07%"
"Jan 27, 2021","3.172","3.187","3.187","3.164","-0.16%"
"Jan 26, 2021","3.177","3.175","3.177","3.139","1.28%"
"Jan 25, 2021","3.137","3.200","3.200","3.123","-0.57%"
"Jan 22, 2021","3.155","3.162","3.170","3.152","0.25%"
"Jan 21, 2021","3.147","3.193","3.193","3.140","-1.13%"
"Jan 20, 2021","3.183","3.190","3.190","3.169","0.22%"
"Jan 19, 2021","3.176","3.187","3.188","3.171","0.03%"
"Jan 18, 2021","3.175","3.210","3.210","3.158","0.70%"
"Jan 15, 2021","3.153","3.137","3.153","3.129","0.41%"
"Jan 14, 2021","3.140","3.172","3.172","3.133","0.22%"
"Jan 13, 2021","3.133","3.184","3.184","3.130","-1.04%"
"Jan 12, 2021","3.166","3.190","3.190","3.150","-0.22%"
"Jan 11, 2021","3.173","3.245","3.245","3.161","-0.84%"
"Jan 08, 2021","3.200","3.200","3.200","3.186","0.44%"
"Jan 07, 2021","3.186","3.224","3.224","3.170","0.03%"
"Jan 06, 2021","3.185","3.226","3.226","3.175","-0.56%"
"Jan 05, 2021","3.203","3.244","3.244","3.195","-0.47%"
"Jan 04, 2021","3.218","3.278","3.278","3.195","0.47%"
"Dec 31, 2020","3.203","3.192","3.207","3.174","0.34%"
"Dec 30, 2020","3.192","3.230","3.230","3.185","-0.41%"
"Dec 29, 2020","3.205","3.231","3.231","3.198","-0.25%"
"Dec 28, 2020","3.213","3.290","3.290","3.199","-0.83%"
"Dec 25, 2020","3.240","3.280","3.283","3.233","-0.58%"
"Dec 24, 2020","3.259","3.274","3.280","3.242","0.46%"
"Dec 23, 2020","3.244","3.282","3.282","3.244","-0.76%"
"Dec 22, 2020","3.269","3.308","3.308","3.249","-0.82%"
"Dec 21, 2020","3.296","3.396","3.396","3.290","-0.30%"
"Dec 18, 2020","3.306","3.337","3.337","3.293","0.09%"
"Dec 17, 2020","3.303","3.316","3.316","3.295","0.00%"
"Dec 16, 2020","3.303","3.359","3.359","3.286","0.15%"
"Dec 15, 2020","3.298","3.325","3.325","3.294","-0.36%"
"Dec 14, 2020","3.310","3.401","3.401","3.309","0.09%"
"Dec 11, 2020","3.307","3.350","3.350","3.293","0.61%"
"Dec 10, 2020","3.287","3.350","3.350","3.273","-0.42%"
"Dec 09, 2020","3.301","3.341","3.341","3.285","0.33%"
"Dec 08, 2020","3.290","3.349","3.349","3.280","-0.39%"
"Dec 07, 2020","3.303","3.350","3.350","3.298","0.06%"
"Dec 04, 2020","3.301","3.359","3.359","3.290","-0.51%"
"Dec 03, 2020","3.318","3.359","3.359","3.308","0.12%"
"Dec 02, 2020","3.314","3.360","3.360","3.305","0.45%"
"Dec 01, 2020","3.299","3.369","3.369","3.280","0.58%"
"Nov 30, 2020","3.280","3.400","3.400","3.268","-1.00%"
"Nov 27, 2020","3.313","3.375","3.375","3.291","0.18%"
"Nov 26, 2020","3.307","3.352","3.352","3.298","0.00%"
"Nov 25, 2020","3.307","3.399","3.399","3.286","-0.24%"
"Nov 24, 2020","3.315","3.328","3.330","3.288","0.79%"
"Nov 23, 2020","3.289","3.310","3.345","3.286","-1.29%"
"Nov 20, 2020","3.332","3.345","3.362","3.328","-0.09%"
"Nov 19, 2020","3.335","3.418","3.418","3.313","0.51%"
"Nov 18, 2020","3.318","3.320","3.320","3.288","0.97%"
"Nov 17, 2020","3.286","3.329","3.329","3.276","0.03%"
"Nov 16, 2020","3.285","3.300","3.300","3.255","0.40%"
"Nov 13, 2020","3.272","3.302","3.302","3.253","0.43%"
"Nov 12, 2020","3.258","3.295","3.295","3.240","0.52%"
"Nov 11, 2020","3.241","3.245","3.255","3.227","-0.06%"
"Nov 10, 2020","3.243","3.330","3.330","3.228","0.00%"
"Nov 09, 2020","3.243","3.320","3.320","3.216","1.00%"
"Nov 06, 2020","3.211","3.220","3.220","3.190","0.69%"
"Nov 05, 2020","3.189","3.250","3.250","3.174","0.41%"
"Nov 04, 2020","3.176","3.220","3.220","3.166","-0.28%"
"Nov 03, 2020","3.185","3.236","3.236","3.177","-0.22%"
"Nov 02, 2020","3.192","3.190","3.235","3.177","0.00%"
"Oct 30, 2020","3.192","3.225","3.225","3.184","0.19%"
"Oct 29, 2020","3.186","3.275","3.275","3.164","0.19%"
"Oct 28, 2020","3.180","3.230","3.230","3.173","0.00%"
"Oct 27, 2020","3.180","3.249","3.249","3.175","-0.78%"
"Oct 26, 2020","3.205","3.290","3.290","3.189","0.00%"
"Oct 23, 2020","3.205","3.248","3.248","3.188","1.10%"
"Oct 22, 2020","3.170","3.250","3.250","3.161","-1.06%"
"Oct 21, 2020","3.204","3.245","3.245","3.196","0.03%"
"Oct 20, 2020","3.203","3.250","3.250","3.195","-0.25%"
"Oct 19, 2020","3.211","3.300","3.300","3.198","-0.59%"
"Oct 16, 2020","3.230","3.240","3.242","3.224","-0.09%"
"Oct 15, 2020","3.233","3.275","3.275","3.226","0.50%"
"Oct 14, 2020","3.217","3.225","3.225","3.203","0.37%"
"Oct 13, 2020","3.205","3.246","3.246","3.197","-0.62%"
"Oct 12, 2020","3.225","3.240","3.242","3.210","0.86%"
"Oct 11, 2020","3.197","3.197","3.197","3.197","-0.16%"
"Oct 10, 2020","3.203","3.206","3.211","3.191","0.08%"
"Oct 09, 2020","3.200","3.294","3.294","3.199","1.43%"
"Sep 30, 2020","3.155","3.163","3.163","3.138","0.48%"
"Sep 29, 2020","3.140","3.178","3.178","3.127","0.32%"
"Sep 28, 2020","3.130","3.200","3.200","3.127","-0.82%"
"Sep 27, 2020","3.156","3.151","3.156","3.109","1.02%"
"Sep 25, 2020","3.124","3.110","3.127","3.106","1.07%"
"Sep 24, 2020","3.091","3.128","3.128","3.091","-0.90%"
"Sep 23, 2020","3.119","3.137","3.137","3.103","0.65%"
"Sep 22, 2020","3.099","3.130","3.130","3.096","-0.35%"
"Sep 21, 2020","3.110","3.185","3.185","3.098","-0.64%"
"Sep 18, 2020","3.130","3.159","3.159","3.128","-0.35%"
"Sep 17, 2020","3.141","3.155","3.155","3.134","-0.19%"
"Sep 16, 2020","3.147","3.148","3.148","3.121","0.38%"
"Sep 15, 2020","3.135","3.173","3.173","3.121","-1.20%"
"Sep 14, 2020","3.173","3.250","3.250","3.165","1.05%"
"Sep 11, 2020","3.140","3.113","3.143","3.104","1.09%"
"Sep 10, 2020","3.106","3.120","3.120","3.090","-0.06%"
"Sep 09, 2020","3.108","3.144","3.144","3.101","-1.27%"
"Sep 08, 2020","3.148","3.200","3.200","3.143","-0.85%"
"Sep 07, 2020","3.175","3.190","3.190","3.163","1.50%"
"Sep 04, 2020","3.128","3.130","3.134","3.115","-0.06%"
"Sep 03, 2020","3.130","3.118","3.148","3.103","1.07%"
"Sep 02, 2020","3.097","3.058","3.099","3.058","1.71%"
"Sep 01, 2020","3.045","3.055","3.055","3.038","-0.26%"
"Aug 31, 2020","3.053","3.135","3.135","3.052","-0.97%"
"Aug 28, 2020","3.083","3.087","3.087","3.077","0.52%"
"Aug 27, 2020","3.067","3.073","3.073","3.053","0.26%"
"Aug 26, 2020","3.059","3.067","3.067","3.027","0.30%"
"Aug 25, 2020","3.050","3.007","3.055","3.005","1.57%"
"Aug 24, 2020","3.003","3.050","3.050","2.998","-0.07%"
"Aug 21, 2020","3.005","3.021","3.021","3.003","0.07%"
"Aug 20, 2020","3.003","3.019","3.019","2.999","-0.20%"
"Aug 19, 2020","3.009","2.995","3.009","2.988","1.07%"
"Aug 18, 2020","2.977","2.967","2.977","2.953","1.16%"
"Aug 17, 2020","2.943","3.000","3.000","2.940","-0.47%"
"Aug 14, 2020","2.957","2.969","2.983","2.957","-0.37%"
"Aug 13, 2020","2.968","3.003","3.003","2.968","-0.34%"
"Aug 12, 2020","2.978","2.983","2.988","2.970","0.17%"
"Aug 11, 2020","2.973","3.003","3.003","2.968","-0.57%"
"Aug 10, 2020","2.990","3.070","3.070","2.980","-0.17%"
"Aug 07, 2020","2.995","2.996","2.999","2.979","0.47%"
"Aug 06, 2020","2.981","2.992","3.000","2.965","0.30%"
"Aug 05, 2020","2.972","2.966","2.985","2.955","0.47%"
"Aug 04, 2020","2.958","2.974","2.974","2.958","-0.17%"
"Aug 03, 2020","2.963","3.035","3.035","2.960","-0.34%"
"Jul 31, 2020","2.973","2.962","2.973","2.950","0.88%"
"Jul 30, 2020","2.947","2.972","2.972","2.947","-0.17%"
"Jul 29, 2020","2.952","2.938","2.953","2.923","0.82%"
"Jul 28, 2020","2.928","2.919","2.928","2.907","0.79%"
"Jul 27, 2020","2.905","2.930","2.930","2.870","0.35%"
"Jul 24, 2020","2.895","2.914","2.928","2.880","-0.72%"
"Jul 23, 2020","2.916","2.953","2.953","2.914","-0.48%"
"Jul 22, 2020","2.930","2.953","2.953","2.927","-0.68%"
"Jul 21, 2020","2.950","2.985","2.985","2.950","-0.71%"
"Jul 20, 2020","2.971","2.980","3.000","2.971","-2.49%"
"Jul 17, 2020","3.047","3.075","3.075","3.047","0.23%"
"Jul 16, 2020","3.040","3.120","3.120","3.040","-0.94%"
"Jul 15, 2020","3.069","3.170","3.170","3.033","-1.63%"
"Jul 14, 2020","3.120","3.180","3.180","3.120","-0.86%"
"Jul 13, 2020","3.147","3.190","3.190","3.143","0.43%"
"Jul 11, 2020","3.134","3.134","3.134","3.134","0.50%"
"Jul 10, 2020","3.118","3.168","3.175","3.112","-1.89%"
"Jul 09, 2020","3.178","3.200","3.200","3.143","2.19%"
"Jul 08, 2020","3.110","3.080","3.135","3.070","0.97%"
"Jul 07, 2020","3.080","3.050","3.135","3.050","0.98%"
"Jul 06, 2020","3.050","3.000","3.050","2.988","4.34%"
"Jul 03, 2020","2.923","2.950","2.950","2.900","1.14%"
"Jul 02, 2020","2.890","2.930","2.930","2.885","0.07%"
"Jul 01, 2020","2.888","2.900","2.900","2.875","-0.24%"
"Jun 30, 2020","2.895","2.930","2.935","2.895","-0.10%"
"Jun 29, 2020","2.898","2.930","2.940","2.888","0.17%"
"Jun 28, 2020","2.893","2.895","2.900","2.890","-0.75%"
"Jun 24, 2020","2.915","3.010","3.010","2.914","-1.09%"
"Jun 23, 2020","2.947","3.000","3.000","2.947","0.89%"
"Jun 22, 2020","2.921","2.950","2.950","2.913","0.55%"
"Jun 19, 2020","2.905","2.940","2.940","2.898","0.14%"
"Jun 18, 2020","2.901","2.903","2.920","2.883","0.48%"
"Jun 17, 2020","2.887","2.880","2.887","2.869","0.84%"
"Jun 16, 2020","2.863","2.890","2.890","2.850","2.25%"
"Jun 15, 2020","2.800","2.810","2.825","2.764","0.25%"
"Jun 12, 2020","2.793","2.810","2.810","2.775","-0.36%"
"Jun 11, 2020","2.803","2.880","2.880","2.793","-1.79%"
"Jun 10, 2020","2.854","2.883","2.883","2.852","0.28%"
"Jun 09, 2020","2.846","2.880","2.880","2.840","-0.32%"
"Jun 08, 2020","2.855","2.930","2.960","2.850","-0.56%"
"Jun 05, 2020","2.871","2.905","2.920","2.858","0.63%"
"Jun 04, 2020","2.853","2.835","2.853","2.809","1.13%"
"Jun 03, 2020","2.821","2.800","2.847","2.798","1.55%"
"Jun 02, 2020","2.778","2.749","2.800","2.736","1.91%"
"Jun 01, 2020","2.726","2.738","2.738","2.703","0.70%"
"May 29, 2020","2.707","2.750","2.750","2.698","0.26%"
"May 28, 2020","2.700","2.700","2.718","2.685","-0.33%"
"May 27, 2020","2.709","2.698","2.723","2.683","0.33%"
"May 26, 2020","2.700","2.662","2.700","2.648","2.12%"
"May 25, 2020","2.644","2.658","2.658","2.620","1.50%"
"May 22, 2020","2.605","2.690","2.700","2.602","-2.91%"
"May 21, 2020","2.683","2.725","2.725","2.681","-0.45%"
"May 20, 2020","2.695","2.749","2.749","2.687","-0.96%"
"May 19, 2020","2.721","2.753","2.753","2.698","0.74%"
"May 18, 2020","2.701","2.725","2.725","2.690","1.20%"
"May 15, 2020","2.669","2.723","2.723","2.665","-1.33%"
"May 14, 2020","2.705","2.683","2.708","2.677","0.93%"
"May 13, 2020","2.680","2.710","2.710","2.650","0.83%"
"May 12, 2020","2.658","2.662","2.670","2.633","-0.23%"
"May 11, 2020","2.664","2.688","2.693","2.628","1.35%"
"May 09, 2020","2.628","2.633","2.633","2.627","0.06%"
"May 08, 2020","2.627","2.610","2.627","2.603","1.31%"
"May 07, 2020","2.593","2.563","2.602","2.557","1.49%"
"May 06, 2020","2.555","2.545","2.558","2.540","1.19%"
"May 05, 2020","2.525","2.525","2.525","2.525","0.00%"
"May 04, 2020","2.525","2.525","2.525","2.525","0.60%"
"Apr 30, 2020","2.510","2.503","2.527","2.503","0.28%"
"Apr 29, 2020","2.503","2.521","2.537","2.498","-0.60%"
"Apr 28, 2020","2.518","2.545","2.545","2.512","-0.12%"
"Apr 27, 2020","2.521","2.523","2.545","2.520","0.56%"
"Apr 26, 2020","2.507","2.500","2.514","2.494","-0.20%"
"Apr 24, 2020","2.512","2.552","2.561","2.508","-0.59%"
"Apr 23, 2020","2.527","2.575","2.582","2.527","-1.60%"
"Apr 22, 2020","2.568","2.588","2.603","2.568","-0.70%"
"Apr 21, 2020","2.586","2.578","2.599","2.577","0.27%"
"Apr 20, 2020","2.579","2.565","2.590","2.558","1.06%"
"Apr 17, 2020","2.552","2.545","2.559","2.539","0.59%"
"Apr 16, 2020","2.537","2.555","2.561","2.537","-0.55%"
"Apr 15, 2020","2.551","2.570","2.589","2.544","-0.51%"
"Apr 14, 2020","2.564","2.593","2.625","2.548","-0.16%"
"Apr 13, 2020","2.568","2.560","2.585","2.560","1.22%"
"Apr 10, 2020","2.537","2.530","2.540","2.516","0.55%"
"Apr 09, 2020","2.523","2.525","2.540","2.514","0.32%"
"Apr 08, 2020","2.515","2.535","2.560","2.508","-0.75%"
"Apr 07, 2020","2.534","2.616","2.616","2.503","-3.19%"
"Apr 06, 2020","2.618","2.641","2.720","2.618","0.36%"
"Apr 03, 2020","2.608","2.593","2.636","2.565","-2.61%"
"Apr 02, 2020","2.678","2.667","2.682","2.658","0.98%"
"Apr 01, 2020","2.652","2.660","2.680","2.629","-0.41%"
"Mar 31, 2020","2.663","2.735","2.750","2.663","-1.26%"
"Mar 30, 2020","2.697","2.690","2.718","2.690","0.86%"
"Mar 27, 2020","2.674","2.745","2.745","2.674","-0.67%"
"Mar 26, 2020","2.692","2.760","2.760","2.667","-0.96%"
"Mar 25, 2020","2.718","2.753","2.753","2.713","0.15%"
"Mar 24, 2020","2.714","2.745","2.745","2.713","-0.26%"
"Mar 23, 2020","2.721","2.715","2.753","2.698","-1.20%"
"Mar 20, 2020","2.754","2.825","2.825","2.754","-1.33%"
"Mar 19, 2020","2.791","2.823","2.823","2.763","0.32%"
"Mar 18, 2020","2.782","2.831","2.831","2.767","1.05%"
"Mar 17, 2020","2.753","2.770","2.770","2.739","0.47%"
"Mar 16, 2020","2.740","2.790","2.790","2.688","0.70%"
"Mar 13, 2020","2.721","2.765","2.765","2.694","1.61%"
"Mar 12, 2020","2.678","2.720","2.720","2.662","-0.56%"
"Mar 11, 2020","2.693","2.750","2.750","2.675","0.75%"
"Mar 10, 2020","2.673","2.650","2.680","2.603","3.01%"
"Mar 09, 2020","2.595","2.680","2.680","2.578","-3.21%"
"Mar 06, 2020","2.681","2.781","2.781","2.680","-2.12%"
"Mar 05, 2020","2.739","2.790","2.790","2.739","-0.98%"
"Mar 04, 2020","2.766","2.825","2.825","2.756","-1.74%"
"Mar 03, 2020","2.815","2.863","2.865","2.803","1.00%"
"Mar 02, 2020","2.787","2.750","2.790","2.750","-0.39%"
"Feb 28, 2020","2.798","2.875","2.875","2.798","-2.27%"
"Feb 27, 2020","2.863","2.901","2.901","2.810","-0.49%"
"Feb 26, 2020","2.877","2.876","2.887","2.850","0.17%"
"Feb 25, 2020","2.872","2.900","2.900","2.861","0.03%"
"Feb 24, 2020","2.871","2.920","2.920","2.865","-2.21%"
"Feb 21, 2020","2.936","2.944","2.949","2.920","-0.07%"
"Feb 20, 2020","2.938","2.953","2.955","2.923","0.31%"
"Feb 19, 2020","2.929","2.952","2.952","2.916","0.45%"
"Feb 18, 2020","2.916","2.935","2.945","2.915","-0.48%"
"Feb 17, 2020","2.930","2.950","2.950","2.890","1.00%"
"Feb 14, 2020","2.901","2.910","2.910","2.870","0.80%"
"Feb 13, 2020","2.878","2.885","2.885","2.870","-0.07%"
"Feb 12, 2020","2.880","2.900","2.900","2.858","0.77%"
"Feb 11, 2020","2.858","2.900","2.900","2.834","1.35%"
"Feb 10, 2020","2.820","2.858","2.858","2.816","-1.67%"
"Feb 07, 2020","2.868","2.900","2.905","2.866","-0.69%"
"Feb 06, 2020","2.888","2.925","2.925","2.875","-0.86%"
"Feb 05, 2020","2.913","2.853","2.937","2.853","0.80%"
"Feb 04, 2020","2.890","2.870","2.890","2.870","1.05%"
"Feb 03, 2020","2.860","2.850","2.900","2.815","-6.23%"
"Jan 23, 2020","3.050","3.050","3.050","3.015","-0.10%"
"Jan 22, 2020","3.053","3.096","3.103","3.053","-1.39%"
"Jan 21, 2020","3.096","3.139","3.143","3.055","-1.05%"
"Jan 20, 2020","3.129","3.134","3.146","3.125","-0.08%"
"Jan 19, 2020","3.132","3.118","3.136","3.118","-0.56%"
"Jan 17, 2020","3.149","3.148","3.170","3.142","0.19%"
"Jan 16, 2020","3.143","3.153","3.159","3.141","0.06%"
"Jan 15, 2020","3.141","3.153","3.157","3.125","-0.16%"
"Jan 14, 2020","3.146","3.145","3.150","3.138","-0.03%"
"Jan 13, 2020","3.147","3.120","3.153","3.120","0.35%"
"Jan 10, 2020","3.136","3.160","3.166","3.134","-0.73%"
"Jan 09, 2020","3.159","3.171","3.184","3.158","-0.28%"
"Jan 08, 2020","3.168","3.185","3.203","3.165","-0.38%"
"Jan 07, 2020","3.180","3.170","3.182","3.170","0.06%"
"Jan 06, 2020","3.178","3.190","3.215","3.159","-0.47%"
"Jan 03, 2020","3.193","3.188","3.199","3.180","0.25%"
"Jan 02, 2020","3.185","3.175","3.185","3.168","0.38%"
"Dec 31, 2019","3.173","3.166","3.196","3.155","-0.13%"
"Dec 30, 2019","3.177","3.170","3.183","3.168","0.19%"
"Dec 27, 2019","3.171","3.155","3.188","3.155","0.67%"
"Dec 26, 2019","3.150","3.187","3.210","3.140","-1.19%"
"Dec 25, 2019","3.188","3.202","3.218","3.188","-0.31%"
"Dec 24, 2019","3.198","3.202","3.223","3.187","-0.44%"
"Dec 23, 2019","3.212","3.210","3.234","3.188","-1.08%"
"Dec 20, 2019","3.247","3.287","3.287","3.234","-0.06%"
"Dec 19, 2019","3.249","3.285","3.285","3.239","-0.09%"
"Dec 18, 2019","3.252","3.271","3.271","3.233","0.53%"
"Dec 17, 2019","3.235","3.223","3.242","3.213","0.56%"
"Dec 16, 2019","3.217","3.263","3.263","3.198","0.44%"
"Dec 13, 2019","3.203","3.250","3.250","3.195","0.28%"
"Dec 12, 2019","3.194","3.210","3.228","3.194","-0.44%"
"Dec 11, 2019","3.208","3.257","3.257","3.193","-0.47%"
"Dec 10, 2019","3.223","3.271","3.271","3.201","0.47%"
"Dec 09, 2019","3.208","3.260","3.260","3.208","-0.12%"
"Dec 06, 2019","3.212","3.239","3.239","3.197","0.16%"
"Dec 05, 2019","3.207","3.254","3.254","3.200","0.28%"
"Dec 04, 2019","3.198","3.230","3.235","3.180","-1.39%"
"Dec 03, 2019","3.243","3.249","3.256","3.226","0.84%"
"Dec 02, 2019","3.216","3.215","3.222","3.200","0.75%"
"Nov 29, 2019","3.192","3.237","3.237","3.176","-0.28%"
"Nov 28, 2019","3.201","3.209","3.217","3.193","-0.16%"
"Nov 27, 2019","3.206","3.186","3.224","3.176","-0.06%"
"Nov 26, 2019","3.208","3.209","3.229","3.202","0.12%"
"Nov 25, 2019","3.204","3.220","3.250","3.182","0.50%"
"Nov 22, 2019","3.188","3.180","3.209","3.180","0.47%"
"Nov 21, 2019","3.173","3.194","3.202","3.163","-0.81%"
"Nov 20, 2019","3.199","3.236","3.253","3.194","-0.99%"
"Nov 19, 2019","3.231","3.223","3.238","3.212","0.25%"
"Nov 18, 2019","3.223","3.260","3.282","3.198","-1.23%"
"Nov 15, 2019","3.263","3.299","3.299","3.245","-0.06%"
"Nov 14, 2019","3.265","3.268","3.278","3.250","0.12%"
"Nov 13, 2019","3.261","3.304","3.304","3.255","0.12%"
"Nov 12, 2019","3.257","3.235","3.263","3.229","0.09%"
"Nov 11, 2019","3.254","3.340","3.340","3.254","-1.09%"
"Nov 08, 2019","3.290","3.287","3.316","3.287","0.37%"
"Nov 07, 2019","3.278","3.300","3.300","3.267","0.28%"
"Nov 06, 2019","3.269","3.325","3.325","3.259","-0.43%"
"Nov 05, 2019","3.283","3.314","3.331","3.260","-0.48%"
"Nov 04, 2019","3.299","3.300","3.318","3.288","0.49%"
"Nov 01, 2019","3.283","3.343","3.343","3.281","0.06%"
"Oct 31, 2019","3.281","3.378","3.378","3.280","-1.32%"
"Oct 30, 2019","3.325","3.323","3.336","3.318","0.24%"
"Oct 29, 2019","3.317","3.315","3.323","3.285","0.91%"
"Oct 28, 2019","3.287","3.250","3.295","3.250","0.98%"
"Oct 25, 2019","3.255","3.244","3.259","3.239","0.65%"
"Oct 24, 2019","3.234","3.242","3.262","3.233","0.00%"
"Oct 23, 2019","3.234","3.243","3.248","3.221","0.03%"
"Oct 22, 2019","3.233","3.220","3.243","3.220","0.56%"
"Oct 21, 2019","3.215","3.250","3.250","3.198","0.69%"
"Oct 18, 2019","3.193","3.195","3.201","3.170","0.13%"
"Oct 17, 2019","3.189","3.201","3.201","3.187","0.00%"
"Oct 16, 2019","3.189","3.185","3.194","3.179","0.25%"
"Oct 15, 2019","3.181","3.213","3.213","3.178","-0.41%"
"Oct 14, 2019","3.194","3.200","3.208","3.184","0.66%"
"Oct 12, 2019","3.173","3.199","3.199","3.172","0.32%"
"Oct 11, 2019","3.163","3.170","3.170","3.161","0.70%"
"Oct 10, 2019","3.141","3.156","3.156","3.136","0.71%"
"Oct 09, 2019","3.119","3.181","3.181","3.115","-0.64%"
"Oct 08, 2019","3.139","3.190","3.208","3.128","-0.51%"
"Sep 30, 2019","3.155","3.180","3.180","3.155","-0.25%"
"Sep 29, 2019","3.163","3.215","3.215","3.163","0.16%"
"Sep 27, 2019","3.158","3.158","3.160","3.145","0.41%"
"Sep 26, 2019","3.145","3.144","3.149","3.126","0.13%"
"Sep 25, 2019","3.141","3.127","3.143","3.122","0.45%"
"Sep 24, 2019","3.127","3.112","3.131","3.107","0.48%"
"Sep 23, 2019","3.112","3.130","3.131","3.098","-0.19%"
"Sep 21, 2019","3.118","3.118","3.118","3.118","0.00%"
"Sep 20, 2019","3.118","3.165","3.165","3.114","-0.61%"
"Sep 19, 2019","3.137","3.170","3.170","3.115","0.03%"
"Sep 18, 2019","3.136","3.140","3.146","3.108","0.61%"
"Sep 17, 2019","3.117","3.132","3.132","3.099","0.29%"
"Sep 16, 2019","3.108","3.120","3.140","3.093","0.45%"
"Sep 12, 2019","3.094","3.068","3.096","3.068","1.11%"
"Sep 11, 2019","3.060","3.063","3.078","3.045","0.26%"
"Sep 10, 2019","3.052","3.045","3.064","3.041","0.49%"
"Sep 09, 2019","3.037","3.085","3.085","3.034","0.46%"
"Sep 06, 2019","3.023","3.075","3.075","3.015","-0.79%"
"Sep 05, 2019","3.047","3.078","3.078","3.047","-1.10%"
"Sep 04, 2019","3.081","3.088","3.108","3.080","0.13%"
"Sep 03, 2019","3.077","3.102","3.102","3.077","-0.03%"
"Sep 02, 2019","3.078","3.080","3.082","3.066","0.33%"
"Aug 30, 2019","3.068","3.058","3.075","3.057","0.62%"
"Aug 29, 2019","3.049","3.078","3.085","3.047","-0.68%"
"Aug 28, 2019","3.070","3.075","3.080","3.066","-0.16%"
"Aug 27, 2019","3.075","3.086","3.086","3.068","-0.19%"
"Aug 26, 2019","3.081","3.035","3.082","3.028","0.36%"
"Aug 23, 2019","3.070","3.086","3.099","3.063","-0.23%"
"Aug 22, 2019","3.077","3.068","3.083","3.068","0.49%"
"Aug 21, 2019","3.062","3.048","3.065","3.048","0.79%"
"Aug 20, 2019","3.038","3.041","3.051","3.038","-0.10%"
"Aug 19, 2019","3.041","3.062","3.062","3.035","0.36%"
"Aug 16, 2019","3.030","3.035","3.047","3.022","0.10%"
"Aug 15, 2019","3.027","3.028","3.035","3.015","-0.03%"
"Aug 14, 2019","3.028","3.034","3.041","3.024","0.17%"
"Aug 13, 2019","3.023","3.050","3.055","3.020","-0.79%"
"Aug 12, 2019","3.047","3.090","3.090","3.045","0.26%"
"Aug 09, 2019","3.039","3.051","3.075","3.019","-0.39%"
"Aug 08, 2019","3.051","3.105","3.105","3.048","-0.72%"
"Aug 07, 2019","3.073","3.083","3.113","3.070","-0.16%"
"Aug 06, 2019","3.078","3.073","3.088","3.051","0.39%"
"Aug 05, 2019","3.066","3.160","3.160","3.058","-1.10%"
"Aug 03, 2019","3.100","3.149","3.149","3.100","-1.24%"
"Aug 02, 2019","3.139","3.177","3.177","3.128","-0.92%"
"Aug 01, 2019","3.168","3.192","3.194","3.168","-0.47%"
"Jul 31, 2019","3.183","3.199","3.200","3.165","-0.41%"
"Jul 30, 2019","3.196","3.203","3.220","3.193","-0.28%"
"Jul 29, 2019","3.205","3.200","3.205","3.178","0.94%"
"Jul 26, 2019","3.175","3.194","3.196","3.175","-0.22%"
"Jul 25, 2019","3.182","3.187","3.206","3.169","0.13%"
"Jul 24, 2019","3.178","3.174","3.187","3.171","0.51%"
"Jul 23, 2019","3.162","3.165","3.180","3.140","0.16%"
"Jul 22, 2019","3.157","3.183","3.183","3.157","-0.50%"
"Jul 19, 2019","3.173","3.221","3.221","3.173","-0.56%"
"Jul 18, 2019","3.191","3.198","3.211","3.191","-0.09%"
"Jul 17, 2019","3.194","3.198","3.213","3.192","0.19%"
"Jul 16, 2019","3.188","3.189","3.203","3.187","0.03%"
"Jul 15, 2019","3.187","3.250","3.250","3.155","-0.06%"
"Jul 12, 2019","3.189","3.192","3.210","3.189","0.35%"
"Jul 11, 2019","3.178","3.188","3.203","3.155","-0.28%"
"Jul 10, 2019","3.187","3.220","3.228","3.186","-0.16%"
"Jul 09, 2019","3.192","3.205","3.240","3.192","-0.09%"
"Jul 08, 2019","3.195","3.200","3.200","3.189","0.22%"
"Jul 05, 2019","3.188","3.179","3.189","3.175","0.38%"
"Jul 04, 2019","3.176","3.208","3.208","3.174","-0.53%"
"Jul 03, 2019","3.193","3.238","3.238","3.178","-1.11%"
"Jul 02, 2019","3.229","3.262","3.268","3.229","-1.01%"
"Jul 01, 2019","3.262","3.315","3.315","3.248","-0.52%"
"Jun 28, 2019","3.279","3.285","3.298","3.278","-0.09%"
"Jun 27, 2019","3.282","3.280","3.282","3.273","0.12%"
"Jun 26, 2019","3.278","3.271","3.278","3.265","0.21%"
"Jun 25, 2019","3.271","3.266","3.271","3.263","0.15%"
"Jun 24, 2019","3.266","3.260","3.267","3.255","0.49%"
"Jun 21, 2019","3.250","3.270","3.278","3.245","-0.82%"
"Jun 20, 2019","3.277","3.270","3.277","3.250","0.68%"
"Jun 19, 2019","3.255","3.270","3.270","3.253","-0.12%"
"Jun 18, 2019","3.259","3.276","3.276","3.259","-0.24%"
"Jun 17, 2019","3.267","3.270","3.270","3.250","-0.37%"
"Jun 14, 2019","3.279","3.306","3.306","3.278","-0.33%"
"Jun 13, 2019","3.290","3.319","3.319","3.287","-0.36%"
"Jun 12, 2019","3.302","3.296","3.317","3.293","0.49%"
"Jun 11, 2019","3.286","3.290","3.293","3.270","0.40%"
"Jun 10, 2019","3.273","3.260","3.273","3.255","0.31%"
"Jun 06, 2019","3.263","3.258","3.265","3.247","0.49%"
"Jun 05, 2019","3.247","3.271","3.271","3.243","-0.37%"
"Jun 04, 2019","3.259","3.291","3.296","3.257","-0.88%"
"Jun 03, 2019","3.288","3.320","3.324","3.287","-0.27%"
"May 31, 2019","3.297","3.332","3.347","3.294","-0.78%"
"May 30, 2019","3.323","3.333","3.341","3.310","-0.15%"
"May 29, 2019","3.328","3.381","3.381","3.319","-0.89%"
"May 28, 2019","3.358","3.368","3.368","3.348","0.24%"
"May 27, 2019","3.350","3.370","3.370","3.341","0.51%"
"May 24, 2019","3.333","3.370","3.370","3.330","-0.18%"
"May 23, 2019","3.339","3.400","3.400","3.305","0.66%"
"May 22, 2019","3.317","3.316","3.333","3.311","0.27%"
"May 21, 2019","3.308","3.313","3.314","3.302","0.30%"
"May 20, 2019","3.298","3.380","3.380","3.290","0.46%"
"May 17, 2019","3.283","3.335","3.335","3.265","-0.18%"
"May 16, 2019","3.289","3.320","3.320","3.285","-0.93%"
"May 15, 2019","3.320","3.302","3.322","3.298","0.73%"
"May 14, 2019","3.296","3.312","3.330","3.296","-0.57%"
"May 13, 2019","3.315","3.310","3.322","3.290","0.03%"
"May 10, 2019","3.314","3.395","3.395","3.311","-0.48%"
"May 09, 2019","3.330","3.343","3.366","3.320","-0.75%"
"May 08, 2019","3.355","3.400","3.400","3.349","-0.27%"
"May 07, 2019","3.364","3.415","3.415","3.358","-0.41%"
"May 06, 2019","3.378","3.400","3.400","3.355","-0.79%"
"May 05, 2019","3.405","3.390","3.405","3.390","-0.32%"
"Apr 30, 2019","3.416","3.433","3.443","3.412","-0.41%"
"Apr 29, 2019","3.430","3.480","3.480","3.420","0.44%"
"Apr 28, 2019","3.415","3.410","3.415","3.410","-0.18%"
"Apr 26, 2019","3.421","3.445","3.445","3.421","-0.35%"
"Apr 25, 2019","3.433","3.455","3.475","3.413","-0.06%"
"Apr 24, 2019","3.435","3.438","3.453","3.415","0.03%"
"Apr 23, 2019","3.434","3.443","3.459","3.434","0.44%"
"Apr 22, 2019","3.419","3.420","3.430","3.407","0.86%"
"Apr 19, 2019","3.390","3.399","3.413","3.379","0.12%"
"Apr 18, 2019","3.386","3.423","3.428","3.385","-1.20%"
"Apr 17, 2019","3.427","3.420","3.445","3.409","0.68%"
"Apr 16, 2019","3.404","3.390","3.410","3.383","0.86%"
"Apr 15, 2019","3.375","3.400","3.425","3.371","1.32%"
"Apr 12, 2019","3.331","3.307","3.335","3.307","1.15%"
"Apr 11, 2019","3.293","3.318","3.332","3.276","-0.78%"
"Apr 10, 2019","3.319","3.323","3.338","3.309","0.82%"
"Apr 09, 2019","3.292","3.305","3.305","3.273","0.15%"
"Apr 08, 2019","3.287","3.310","3.315","3.282","0.58%"
"Apr 04, 2019","3.268","3.248","3.275","3.248","0.80%"
"Apr 03, 2019","3.242","3.190","3.242","3.188","2.34%"
"Apr 02, 2019","3.168","3.145","3.168","3.145","1.15%"
"Apr 01, 2019","3.132","3.140","3.140","3.114","1.85%"
"Mar 29, 2019","3.075","3.128","3.128","3.075","-0.45%"
"Mar 28, 2019","3.089","3.110","3.111","3.087","-0.26%"
"Mar 27, 2019","3.097","3.140","3.140","3.095","0.36%"
"Mar 26, 2019","3.086","3.172","3.172","3.083","-0.90%"
"Mar 25, 2019","3.114","3.150","3.150","3.114","-0.76%"
"Mar 22, 2019","3.138","3.181","3.186","3.115","-0.79%"
"Mar 21, 2019","3.163","3.180","3.180","3.163","0.29%"
"Mar 20, 2019","3.154","3.173","3.173","3.154","-0.13%"
"Mar 19, 2019","3.158","3.180","3.180","3.158","0.16%"
"Mar 18, 2019","3.153","3.150","3.165","3.146","-0.06%"
"Mar 15, 2019","3.155","3.192","3.192","3.153","-0.28%"
"Mar 14, 2019","3.164","3.165","3.180","3.163","0.16%"
"Mar 13, 2019","3.159","3.185","3.185","3.159","-0.13%"
"Mar 12, 2019","3.163","3.197","3.197","3.160","-0.22%"
"Mar 11, 2019","3.170","3.160","3.173","3.140","0.35%"
"Mar 08, 2019","3.159","3.215","3.215","3.159","-0.88%"
"Mar 07, 2019","3.187","3.275","3.275","3.187","-1.15%"
"Mar 06, 2019","3.224","3.240","3.240","3.215","-0.12%"
"Mar 05, 2019","3.228","3.252","3.252","3.221","0.47%"
"Mar 04, 2019","3.213","3.280","3.280","3.213","0.56%"
"Mar 01, 2019","3.195","3.218","3.218","3.188","-0.41%"
"Feb 28, 2019","3.208","3.198","3.222","3.192","0.66%"
"Feb 27, 2019","3.187","3.223","3.230","3.187","-0.72%"
"Feb 26, 2019","3.210","3.193","3.213","3.191","1.01%"
"Feb 25, 2019","3.178","3.200","3.200","3.150","0.95%"
"Feb 22, 2019","3.148","3.162","3.162","3.148","0.16%"
"Feb 21, 2019","3.143","3.169","3.169","3.143","-0.06%"
"Feb 20, 2019","3.145","3.163","3.163","3.133","0.35%"
"Feb 19, 2019","3.134","3.140","3.146","3.128","0.61%"
"Feb 18, 2019","3.115","3.170","3.170","3.090","0.81%"
"Feb 15, 2019","3.090","3.119","3.119","3.080","-0.16%"
"Feb 14, 2019","3.095","3.121","3.121","3.082","0.06%"
"Feb 13, 2019","3.093","3.132","3.132","3.091","0.00%"
"Feb 12, 2019","3.093","3.160","3.160","3.090","0.10%"
"Feb 11, 2019","3.090","3.144","3.144","3.090","-1.90%"
"Feb 03, 2019","3.150","3.150","3.150","3.150","0.48%"
"Feb 02, 2019","3.135","3.150","3.150","3.135","-0.32%"
"Feb 01, 2019","3.145","3.143","3.157","3.143","0.48%"
"Jan 31, 2019","3.130","3.152","3.157","3.125","-0.45%"
"Jan 30, 2019","3.144","3.164","3.169","3.139","-0.38%"
"Jan 29, 2019","3.156","3.187","3.187","3.152","-0.09%"
"Jan 28, 2019","3.159","3.200","3.200","3.157","0.06%"
"Jan 25, 2019","3.157","3.178","3.178","3.151","0.35%"
"Jan 24, 2019","3.146","3.155","3.159","3.145","-0.06%"
"Jan 23, 2019","3.148","3.155","3.155","3.110","0.58%"
"Jan 22, 2019","3.130","3.153","3.153","3.110","0.64%"
"Jan 21, 2019","3.110","3.160","3.160","3.110","-0.26%"
"Jan 18, 2019","3.118","3.147","3.147","3.111","0.87%"
"Jan 17, 2019","3.091","3.123","3.130","3.091","-0.71%"
"Jan 16, 2019","3.113","3.175","3.175","3.113","-1.21%"
"Jan 15, 2019","3.151","3.156","3.172","3.145","0.29%"
"Jan 14, 2019","3.142","3.200","3.200","3.140","0.13%"
"Jan 11, 2019","3.138","3.148","3.148","3.125","-0.06%"
"Jan 10, 2019","3.140","3.140","3.143","3.117","0.32%"
"Jan 09, 2019","3.130","3.150","3.173","3.128","-0.57%"
"Jan 08, 2019","3.148","3.166","3.183","3.143","-0.66%"
"Jan 07, 2019","3.169","3.180","3.205","3.169","-0.22%"
"Jan 04, 2019","3.176","3.192","3.198","3.173","-0.47%"
"Jan 03, 2019","3.191","3.200","3.200","3.168","-0.37%"
"Jan 02, 2019","3.203","3.280","3.280","3.193","-2.05%"
"Dec 29, 2018","3.270","3.270","3.270","3.270","-0.09%"
"Dec 28, 2018","3.273","3.300","3.300","3.273","-0.79%"
"Dec 27, 2018","3.299","3.389","3.400","3.292","-1.20%"
"Dec 26, 2018","3.339","3.399","3.399","3.336","-0.54%"
"Dec 25, 2018","3.357","3.361","3.365","3.351","-0.09%"
"Dec 24, 2018","3.360","3.400","3.400","3.343","0.15%"
"Dec 21, 2018","3.355","3.387","3.387","3.318","0.39%"
"Dec 20, 2018","3.342","3.443","3.443","3.313","-1.15%"
"Dec 19, 2018","3.381","3.429","3.429","3.381","-0.82%"
"Dec 18, 2018","3.409","3.417","3.433","3.398","0.21%"
"Dec 17, 2018","3.402","3.420","3.420","3.375","0.98%"
"Dec 14, 2018","3.369","3.360","3.372","3.341","0.87%"
"Dec 13, 2018","3.340","3.322","3.340","3.313","1.33%"
"Dec 12, 2018","3.296","3.311","3.329","3.296","-0.09%"
"Dec 11, 2018","3.299","3.341","3.341","3.288","-0.30%"
"Dec 10, 2018","3.309","3.360","3.360","3.268","-0.45%"
"Dec 08, 2018","3.324","3.324","3.324","3.324","0.30%"
"Dec 07, 2018","3.314","3.310","3.340","3.310","-0.45%"
"Dec 06, 2018","3.329","3.375","3.375","3.310","-0.48%"
"Dec 05, 2018","3.345","3.348","3.370","3.333","0.00%"
"Dec 04, 2018","3.345","3.440","3.440","3.345","-1.53%"
"Dec 03, 2018","3.397","3.420","3.420","3.386","0.50%"
"Dec 02, 2018","3.380","3.380","3.380","3.380","-0.73%"
"Dec 01, 2018","3.405","3.405","3.405","3.405","0.21%"
"Nov 30, 2018","3.398","3.410","3.410","3.392","-0.15%"
"Nov 29, 2018","3.403","3.415","3.423","3.397","-0.15%"
"Nov 28, 2018","3.408","3.458","3.458","3.408","-0.99%"
"Nov 27, 2018","3.442","3.443","3.456","3.431","0.50%"
"Nov 26, 2018","3.425","3.470","3.470","3.408","0.15%"
"Nov 23, 2018","3.420","3.410","3.428","3.380","0.50%"
"Nov 22, 2018","3.403","3.425","3.425","3.392","0.21%"
"Nov 21, 2018","3.396","3.400","3.420","3.381","0.06%"
"Nov 20, 2018","3.394","3.425","3.425","3.387","0.33%"
"Nov 19, 2018","3.383","3.365","3.405","3.350","0.53%"
"Nov 18, 2018","3.365","3.365","3.365","3.365","0.03%"
"Nov 17, 2018","3.364","3.364","3.364","3.364","-0.06%"
"Nov 16, 2018","3.366","3.475","3.475","3.358","-1.78%"
"Nov 15, 2018","3.427","3.508","3.508","3.427","-0.87%"
"Nov 14, 2018","3.457","3.522","3.522","3.448","-1.28%"
"Nov 13, 2018","3.502","3.525","3.532","3.502","0.17%"
"Nov 12, 2018","3.496","3.520","3.520","3.494","-0.11%"
"Nov 09, 2018","3.500","3.517","3.517","3.497","-0.28%"
"Nov 08, 2018","3.510","3.549","3.570","3.501","-0.31%"
"Nov 07, 2018","3.521","3.549","3.570","3.521","-0.59%"
"Nov 06, 2018","3.542","3.588","3.588","3.542","-0.45%"
"Nov 05, 2018","3.558","3.553","3.583","3.545","0.20%"
"Nov 02, 2018","3.551","3.549","3.553","3.529","0.82%"
"Nov 01, 2018","3.522","3.562","3.562","3.522","-0.31%"
"Oct 31, 2018","3.533","3.567","3.567","3.529","-0.31%"
"Oct 30, 2018","3.544","3.593","3.593","3.525","0.11%"
"Oct 29, 2018","3.540","3.650","3.650","3.538","-0.34%"
"Oct 26, 2018","3.552","3.587","3.587","3.552","-0.42%"
"Oct 25, 2018","3.567","3.553","3.568","3.545","-0.08%"
"Oct 24, 2018","3.570","3.608","3.611","3.568","-0.86%"
"Oct 23, 2018","3.601","3.650","3.650","3.601","0.22%"
"Oct 22, 2018","3.593","3.610","3.610","3.593","0.28%"
"Oct 19, 2018","3.583","3.630","3.630","3.555","0.14%"
"Oct 18, 2018","3.578","3.616","3.616","3.578","-0.50%"
"Oct 17, 2018","3.596","3.642","3.642","3.594","-0.30%"
"Oct 16, 2018","3.607","3.644","3.644","3.607","-0.28%"
"Oct 15, 2018","3.617","3.620","3.620","3.598","0.33%"
"Oct 12, 2018","3.605","3.668","3.668","3.583","-0.41%"
"Oct 11, 2018","3.620","3.655","3.655","3.600","-0.22%"
"Oct 10, 2018","3.628","3.649","3.664","3.628","-0.55%"
"Oct 09, 2018","3.648","3.660","3.660","3.636","0.58%"
"Oct 08, 2018","3.627","3.640","3.650","3.627","-0.77%"
"Sep 30, 2018","3.655","3.660","3.660","3.640","0.27%"
"Sep 29, 2018","3.645","3.653","3.676","3.634","-0.22%"
"Sep 28, 2018","3.653","3.662","3.673","3.651","-0.25%"
"Sep 27, 2018","3.662","3.703","3.703","3.661","-0.52%"
"Sep 26, 2018","3.681","3.722","3.722","3.681","-0.41%"
"Sep 25, 2018","3.696","3.710","3.710","3.692","-0.46%"
"Sep 21, 2018","3.713","3.698","3.727","3.698","0.51%"
"Sep 20, 2018","3.694","3.689","3.698","3.679","0.14%"
"Sep 19, 2018","3.689","3.676","3.695","3.660","0.60%"
"Sep 18, 2018","3.667","3.671","3.672","3.650","0.11%"
"Sep 17, 2018","3.663","3.690","3.690","3.635","-0.33%"
"Sep 14, 2018","3.675","3.690","3.698","3.673","-0.22%"
"Sep 13, 2018","3.683","3.713","3.713","3.680","-0.35%"
"Sep 12, 2018","3.696","3.713","3.713","3.696","0.22%"
"Sep 11, 2018","3.688","3.683","3.695","3.680","0.49%"
"Sep 10, 2018","3.670","3.680","3.680","3.669","0.47%"
"Sep 07, 2018","3.653","3.680","3.680","3.650","0.61%"
"Sep 06, 2018","3.631","3.658","3.660","3.630","-0.22%"
"Sep 05, 2018","3.639","3.665","3.665","3.637","0.28%"
"Sep 04, 2018","3.629","3.652","3.652","3.618","0.44%"
"Sep 03, 2018","3.613","3.650","3.650","3.605","0.36%"
"Aug 31, 2018","3.600","3.639","3.665","3.593","-1.18%"
"Aug 30, 2018","3.643","3.640","3.653","3.620","0.30%"
"Aug 29, 2018","3.632","3.652","3.675","3.632","-0.36%"
"Aug 28, 2018","3.645","3.655","3.671","3.645","-0.08%"
"Aug 27, 2018","3.648","3.640","3.670","3.640","0.27%"
"Aug 24, 2018","3.638","3.653","3.653","3.624","0.39%"
"Aug 23, 2018","3.624","3.670","3.670","3.608","-0.60%"
"Aug 22, 2018","3.646","3.671","3.671","3.643","-0.76%"
"Aug 21, 2018","3.674","3.688","3.688","3.658","0.16%"
"Aug 20, 2018","3.668","3.700","3.710","3.664","0.33%"
"Aug 17, 2018","3.656","3.615","3.673","3.615","1.16%"
"Aug 16, 2018","3.614","3.610","3.618","3.595","0.70%"
"Aug 15, 2018","3.589","3.617","3.617","3.575","0.34%"
"Aug 14, 2018","3.577","3.599","3.605","3.577","-0.53%"
"Aug 13, 2018","3.596","3.580","3.598","3.563","0.62%"
"Aug 10, 2018","3.574","3.570","3.586","3.550","0.53%"
"Aug 09, 2018","3.555","3.538","3.560","3.532","0.82%"
"Aug 08, 2018","3.526","3.511","3.526","3.490","0.89%"
"Aug 07, 2018","3.495","3.530","3.530","3.483","0.66%"
"Aug 06, 2018","3.472","3.550","3.550","3.465","-0.52%"
"Aug 03, 2018","3.490","3.531","3.531","3.489","0.09%"
"Aug 02, 2018","3.487","3.540","3.540","3.465","-0.43%"
"Aug 01, 2018","3.502","3.583","3.583","3.500","-0.88%"
"Jul 31, 2018","3.533","3.563","3.563","3.529","-0.06%"
"Jul 30, 2018","3.535","3.600","3.600","3.535","-0.62%"
"Jul 27, 2018","3.557","3.615","3.615","3.552","0.00%"
"Jul 26, 2018","3.557","3.579","3.591","3.557","-0.45%"
"Jul 25, 2018","3.573","3.573","3.582","3.560","0.34%"
"Jul 24, 2018","3.561","3.574","3.581","3.554","0.79%"
"Jul 23, 2018","3.533","3.570","3.570","3.508","0.71%"
"Jul 20, 2018","3.508","3.488","3.513","3.444","0.34%"
"Jul 19, 2018","3.496","3.528","3.528","3.488","-0.09%"
"Jul 18, 2018","3.499","3.508","3.513","3.494","-0.06%"
"Jul 17, 2018","3.501","3.548","3.548","3.497","-0.28%"
"Jul 16, 2018","3.511","3.550","3.550","3.475","-0.14%"
"Jul 13, 2018","3.516","3.533","3.550","3.513","-0.54%"
"Jul 12, 2018","3.535","3.558","3.571","3.531","-0.23%"
"Jul 11, 2018","3.543","3.573","3.573","3.543","-0.37%"
"Jul 10, 2018","3.556","3.567","3.568","3.554","0.23%"
"Jul 09, 2018","3.548","3.550","3.559","3.540","0.23%"
"Jul 06, 2018","3.540","3.547","3.548","3.517","0.57%"
"Jul 05, 2018","3.520","3.535","3.535","3.507","-0.06%"
"Jul 04, 2018","3.522","3.515","3.523","3.504","0.31%"
"Jul 03, 2018","3.511","3.509","3.511","3.485","0.66%"
"Jul 02, 2018","3.488","3.550","3.550","3.488","-1.55%"
"Jun 29, 2018","3.543","3.601","3.601","3.534","-0.64%"
"Jun 28, 2018","3.566","3.610","3.610","3.566","-0.53%"
"Jun 27, 2018","3.585","3.620","3.620","3.585","-0.50%"
"Jun 26, 2018","3.603","3.633","3.633","3.603","-0.06%"
"Jun 25, 2018","3.605","3.650","3.650","3.585","0.06%"
"Jun 22, 2018","3.603","3.630","3.630","3.598","0.00%"
"Jun 21, 2018","3.603","3.640","3.640","3.588","-0.33%"
"Jun 20, 2018","3.615","3.620","3.620","3.590","0.14%"
"Jun 19, 2018","3.610","3.650","3.675","3.610","-1.01%"
"Jun 15, 2018","3.647","3.722","3.722","3.628","-0.90%"
"Jun 14, 2018","3.680","3.721","3.721","3.680","-0.86%"
"Jun 13, 2018","3.712","3.690","3.713","3.687","0.65%"
"Jun 12, 2018","3.688","3.695","3.697","3.687","0.49%"
"Jun 11, 2018","3.670","3.720","3.720","3.660","-0.49%"
"Jun 08, 2018","3.688","3.707","3.707","3.645","-0.14%"
"Jun 07, 2018","3.693","3.697","3.707","3.680","0.00%"
"Jun 06, 2018","3.693","3.698","3.700","3.678","0.27%"
"Jun 05, 2018","3.683","3.680","3.693","3.673","0.44%"
"Jun 04, 2018","3.667","3.680","3.680","3.650","0.52%"
"Jun 01, 2018","3.648","3.666","3.666","3.648","0.05%"
"May 31, 2018","3.646","3.655","3.655","3.635","0.69%"
"May 30, 2018","3.621","3.670","3.670","3.621","-0.52%"
"May 29, 2018","3.640","3.670","3.670","3.633","-0.08%"
"May 28, 2018","3.643","3.640","3.643","3.635","-1.14%"
"May 25, 2018","3.685","3.693","3.693","3.648","0.33%"
"May 24, 2018","3.673","3.710","3.710","3.667","-0.78%"
"May 23, 2018","3.702","3.730","3.730","3.692","-0.08%"
"May 22, 2018","3.705","3.745","3.745","3.673","-0.46%"
"May 21, 2018","3.722","3.780","3.780","3.718","0.00%"
"May 20, 2018","3.722","3.722","3.722","3.722","0.00%"
"May 18, 2018","3.722","3.772","3.772","3.713","-0.24%"
"May 17, 2018","3.731","3.760","3.760","3.726","0.21%"
"May 16, 2018","3.723","3.753","3.753","3.723","0.00%"
"May 15, 2018","3.723","3.738","3.738","3.713","0.27%"
"May 14, 2018","3.713","3.720","3.720","3.695","0.08%"
"May 11, 2018","3.710","3.731","3.746","3.699","-0.30%"
"May 10, 2018","3.721","3.728","3.737","3.713","0.16%"
"May 09, 2018","3.715","3.703","3.725","3.703","0.49%"
"May 08, 2018","3.697","3.670","3.697","3.652","1.07%"
"May 07, 2018","3.658","3.700","3.700","3.648","0.03%"
"May 04, 2018","3.657","3.730","3.730","3.643","-0.41%"
"May 03, 2018","3.672","3.673","3.675","3.662","-0.22%"
"May 02, 2018","3.680","3.700","3.700","3.660","0.74%"
"Apr 28, 2018","3.653","3.662","3.677","3.650","-0.25%"
"Apr 27, 2018","3.662","3.640","3.663","3.637","0.60%"
"Apr 26, 2018","3.640","3.627","3.659","3.626","0.64%"
"Apr 25, 2018","3.617","3.597","3.623","3.597","0.56%"
"Apr 24, 2018","3.597","3.603","3.615","3.578","-0.17%"
"Apr 23, 2018","3.603","3.620","3.620","3.548","1.78%"
"Apr 20, 2018","3.540","3.531","3.540","3.522","0.23%"
"Apr 19, 2018","3.532","3.610","3.610","3.520","-2.08%"
"Apr 18, 2018","3.607","3.668","3.668","3.575","-1.90%"
"Apr 17, 2018","3.677","3.753","3.753","3.673","-1.10%"
"Apr 16, 2018","3.718","3.780","3.780","3.718","-0.59%"
"Apr 13, 2018","3.740","3.763","3.763","3.733","0.13%"
"Apr 12, 2018","3.735","3.754","3.754","3.731","-0.35%"
"Apr 11, 2018","3.748","3.757","3.757","3.740","0.54%"
"Apr 10, 2018","3.728","3.747","3.747","3.726","-0.13%"
"Apr 09, 2018","3.733","3.735","3.747","3.733","-0.45%"
"Apr 08, 2018","3.750","3.740","3.750","3.740","0.27%"
"Apr 07, 2018","3.740","3.740","3.740","3.740","0.00%"
"Apr 06, 2018","3.740","3.745","3.745","3.740","-0.13%"
"Apr 04, 2018","3.745","3.748","3.767","3.728","-0.08%"
"Apr 03, 2018","3.748","3.747","3.780","3.745","0.03%"
"Apr 02, 2018","3.747","3.800","3.800","3.746","-0.82%"
"Mar 30, 2018","3.778","3.803","3.803","3.767","0.21%"
"Mar 29, 2018","3.770","3.783","3.783","3.752","0.53%"
"Mar 28, 2018","3.750","3.762","3.770","3.747","-0.61%"
"Mar 27, 2018","3.773","3.773","3.773","3.750","0.83%"
"Mar 26, 2018","3.742","3.810","3.810","3.733","-0.53%"
"Mar 23, 2018","3.762","3.790","3.790","3.742","-0.19%"
"Mar 22, 2018","3.769","3.834","3.837","3.769","-0.92%"
"Mar 21, 2018","3.804","3.810","3.818","3.792","-0.16%"
"Mar 20, 2018","3.810","3.875","3.875","3.805","-0.47%"
"Mar 19, 2018","3.828","3.935","3.935","3.823","-0.78%"
"Mar 16, 2018","3.858","3.863","3.880","3.849","-0.13%"
"Mar 15, 2018","3.863","3.882","3.882","3.852","0.05%"
"Mar 14, 2018","3.861","3.871","3.871","3.848","0.10%"
"Mar 13, 2018","3.857","3.848","3.869","3.848","0.23%"
"Mar 12, 2018","3.848","3.900","3.900","3.848","-0.05%"
"Mar 09, 2018","3.850","3.867","3.867","3.848","-0.03%"
"Mar 08, 2018","3.851","3.885","3.885","3.851","-0.36%"
"Mar 07, 2018","3.865","3.895","3.895","3.865","-0.28%"
"Mar 06, 2018","3.876","3.860","3.925","3.860","0.34%"
"Mar 05, 2018","3.863","3.975","3.975","3.855","-0.08%"
"Mar 02, 2018","3.866","3.918","3.918","3.850","0.34%"
"Mar 01, 2018","3.853","3.860","3.875","3.852","-0.10%"
"Feb 28, 2018","3.857","3.898","3.898","3.847","-0.44%"
"Feb 27, 2018","3.874","3.902","3.902","3.866","-0.33%"
"Feb 26, 2018","3.887","3.900","3.900","3.883","-0.23%"
"Feb 24, 2018","3.896","3.895","3.960","3.878","0.03%"
"Feb 23, 2018","3.895","3.902","3.919","3.895","-0.05%"
"Feb 22, 2018","3.897","3.950","3.950","3.893","-0.08%"
"Feb 18, 2018","3.900","3.900","3.900","3.900","0.00%"
"Feb 14, 2018","3.900","3.922","3.922","3.900","-0.38%"
"Feb 13, 2018","3.915","3.925","3.925","3.900","0.20%"
"Feb 12, 2018","3.907","3.940","3.940","3.907","-0.08%"
"Feb 11, 2018","3.910","3.920","3.920","3.910","0.21%"
"Feb 10, 2018","3.902","3.902","3.902","3.902","0.00%"
"Feb 09, 2018","3.902","3.920","3.920","3.892","0.10%"
"Feb 08, 2018","3.898","3.931","3.931","3.898","-0.13%"
"Feb 07, 2018","3.903","3.958","3.958","3.903","-0.36%"
"Feb 06, 2018","3.917","3.945","3.945","3.915","-0.20%"
"Feb 05, 2018","3.925","3.990","3.990","3.911","0.00%"
"Feb 02, 2018","3.925","3.942","3.962","3.901","-0.15%"
"Feb 01, 2018","3.931","3.986","3.986","3.909","-0.33%"
"Jan 31, 2018","3.944","3.961","3.978","3.937","-0.25%"
"Jan 30, 2018","3.954","3.962","3.972","3.951","-0.10%"
"Jan 29, 2018","3.958","4.000","4.000","3.944","0.15%"
"Jan 26, 2018","3.952","3.999","3.999","3.942","-0.08%"
"Jan 25, 2018","3.955","3.965","3.978","3.953","-0.18%"
"Jan 24, 2018","3.962","3.993","3.993","3.958","-0.20%"
"Jan 23, 2018","3.970","4.050","4.050","3.953","-2.48%"
"Jan 22, 2018","4.071","4.120","4.120","4.042","0.27%"
"Jan 19, 2018","4.060","4.057","4.060","4.040","0.52%"
"Jan 18, 2018","4.039","4.053","4.055","4.030","0.22%"
"Jan 17, 2018","4.030","4.027","4.034","4.024","0.15%"
"Jan 16, 2018","4.024","4.019","4.034","4.014","0.22%"
"Jan 15, 2018","4.015","4.050","4.050","4.015","1.21%"
"Jan 12, 2018","3.967","3.961","3.974","3.953","0.23%"
"Jan 11, 2018","3.958","3.965","3.973","3.945","0.71%"
"Jan 10, 2018","3.930","3.930","3.933","3.912","0.26%"
"Jan 09, 2018","3.920","3.924","3.950","3.907","-0.10%"
"Jan 08, 2018","3.924","3.950","3.950","3.921","-0.28%"
"Jan 05, 2018","3.935","3.944","3.948","3.923","-0.08%"
"Jan 04, 2018","3.938","3.930","3.943","3.927","0.46%"
"Jan 03, 2018","3.920","3.918","3.932","3.905","0.05%"
"Jan 02, 2018","3.918","3.950","3.950","3.881","0.08%"